/* DROP DATABASE IF EXISTS trailService;

CREATE DATABASE trailService; */

USE trailService;

CREATE TABLE trail (
  trail_id int NOT NULL,
  trail_name varchar(75) NOT NULL,
  distance int,
  distance_units varchar(10),
  elevation_gain int,
  elevation_units varchar(5),
  description varchar(700),
  route_type varchar(20),
  difficulty varchar(15),
  general_area varchar(70),
  origin varchar(100),
  PRIMARY KEY (trail_id)
) ENGINE=InnoDB;

CREATE TABLE tags (
  tag_id int NOT NULL,
  tag_name varchar(30) NOT NULL,
  PRIMARY KEY (tag_id)
) ENGINE=InnoDB;

CREATE TABLE trail_tags (
  trail_id int NOT NULL,
  tag_id int NOT NULL,
  PRIMARY KEY (trail_id, tag_id),
  FOREIGN KEY (trail_id) REFERENCES trail (trail_id),
  FOREIGN KEY (tag_id) REFERENCES tags (tag_id)
) ENGINE=InnoDB;


INSERT INTO trail (trail_id, trail_name, distance, distance_units, elevation_gain, elevation_units, description, route_type, difficulty, general_area, origin) VALUES (1, "Golden Gate Park Trail", 6.1, "miles", 351, "ft", "Golden Gate Park Trail is a Bernie favorite. A 6.1 mile heavily trafficked loop trail located near San Francisco, California that features a lake and is good for all skill levels. The trail offers a number of activity options and is accessible year-round. Dogs are also able to use this trail but must be approved by Bernie.", "Loop", "Easy", "Golden Gate Park", "https://www.alltrails.com/trail/us/california/golden-gate-park-trail");
INSERT INTO trail (trail_id, trail_name, distance, distance_units, elevation_gain, elevation_units, description, route_type, difficulty, general_area, origin) VALUES (2, "Crescent Creek Trail", 10.9, "miles", 1581, "ft", "Crescent Creek Trail is a 10.9 mile moderately trafficked out and back trail located near Moose Pass, Alaska that features a lake. The trail is rated as moderate and primarily used for hiking, camping, and backpacking. Dogs are also able to use this trail but must be kept on leash.", "Out & Back", "Moderate", "Chugach National Forest", "https://www.alltrails.com/trail/us/alaska/crescent-creek-trail");
INSERT INTO trail (trail_id, trail_name, distance, distance_units, elevation_gain, elevation_units, description, route_type, difficulty, general_area, origin) VALUES (3, "Hope Point", 7.5, "miles", 3441, "ft", "Hope Point is a 7.5 mile moderately trafficked out and back trail located near Hope, Alaska that offers scenic views and is rated as moderate. The trail is primarily used for hiking and nature trips and is best used from May until October. Dogs are also able to use this trail, with prior approval from Bernie.", "Out & Back", "Moderate", "Chugach National Forest", "https://www.alltrails.com/trail/us/alaska/hope-point");
INSERT INTO trail (trail_id, trail_name, distance, distance_units, elevation_gain, elevation_units, description, route_type, difficulty, general_area, origin) VALUES (4, "Lost Lake Trail", 22.2, "km", 802, "m", "Lost Lake Trail is a 22.2 kilometer lightly trafficked out and back trail located near Seward, Alaska that features a lake and is rated as moderate. The trail offers a number of activity options and is best used from May until September. Dogs are also able to use this trail but must be kept on leash.", "Out & Back", "Moderate", "Chugach National Forest", "https://www.alltrails.com/trail/us/alaska/lost-lake-trail--2");
INSERT INTO trail (trail_id, trail_name, distance, distance_units, elevation_gain, elevation_units, description, route_type, difficulty, general_area, origin) VALUES (5, "Palmer Creek Lakes", 2.7, "miles", 921, "ft", "Palmer Creek Lakes is a 2.7 mile lightly trafficked out and back trail located near Indian, Alaska that features a lake. The trail is good for all skill levels and primarily used for hiking. Dogs are also able to use this trail but must be kept on leash.", "Out & Back", "Easy", "Chugach National Forest", "https://www.alltrails.com/trail/us/alaska/palmer-creek-lakes");
INSERT INTO trail (trail_id, trail_name, distance, distance_units, elevation_gain, elevation_units, description, route_type, difficulty, general_area, origin) VALUES (6, "Resurrection Pass Trail", 36.2, "miles", 4767, "ft", "Resurrection Pass Trail is a 36.2 mile lightly trafficked point-to-point trail located near Cooper Landing, Alaska that features a lake and is rated as moderate. The trail offers a number of activity options and is best used from June until September. Dogs are also able to use this trail but must be kept on leash.", "Point to Point", "Moderate", "Chugach National Forest", "https://www.alltrails.com/trail/us/alaska/resurrection-pass-trail--2");
INSERT INTO trail (trail_id, trail_name, distance, distance_units, elevation_gain, elevation_units, description, route_type, difficulty, general_area, origin) VALUES (7, "Alamere Falls via Coast Trail from Palomarin Trailhead", 8.8, "miles", 1335, "ft", "Alamere Falls via Coast Trail from Palomarin Trailhead is a 8.8 mile heavily trafficked out and back trail located near Bolinas, California that features a lake and is rated as moderate. The trail is primarily used for hiking, nature trips, and birding and is best used from October until December.", "Out & Back", "Moderate", "Point Reyes National Seashore", "https://www.alltrails.com/trail/us/california/alamere-falls-via-coast-trail-from-palomarin-trailhead");
INSERT INTO trail (trail_id, trail_name, distance, distance_units, elevation_gain, elevation_units, description, route_type, difficulty, general_area, origin) VALUES (8, "Coast Camp/Laguna Loop", 5.8, "miles", 488, "ft", "Coast Camp/Laguna Loop is a 5.8 mile heavily trafficked loop trail located near Point Reyes Station, California that features a river and is rated as moderate. The trail offers a number of activity options and is accessible year-round.", "Loop", "Moderate", "Point Reyes National Seashore", "https://www.alltrails.com/trail/us/california/coast-camp-laguna-loop");
INSERT INTO trail (trail_id, trail_name, distance, distance_units, elevation_gain, elevation_units, description, route_type, difficulty, general_area, origin) VALUES (9, "Presidio Bay Area Ridge Trail", 2.6, "miles", 170, "ft", "Bernie likes this one. Presidio Bay Area Ridge Trail is a 2.6 mile moderately trafficked out and back trail located near San Francisco, California that features beautiful wild flowers and is good for all skill levels. The trail offers a number of activity options and is accessible year-round. Dogs and horses are also able to use this trail.", "Out & Back", "Easy", "Presidio of San Francisco", "https://www.alltrails.com/trail/us/california/presidio-bay-area-ridge-trail--3");
INSERT INTO trail (trail_id, trail_name, distance, distance_units, elevation_gain, elevation_units, description, route_type, difficulty, general_area, origin) VALUES (10, "Presidio Ecology Trail", 1.5, "miles", 223, "ft", "Presidio Ecology Trail is a 1.5 mile moderately trafficked loop trail located near San Francisco, California that features beautiful wild flowers and is good for all skill levels. The trail offers a number of activity options and is accessible year-round. Dogs are also able to use this trail.", "Loop", "Easy", "Presidio of San Francisco", "https://www.alltrails.com/trail/us/california/presidio-ecology-trail");
INSERT INTO trail (trail_id, trail_name, distance, distance_units, elevation_gain, elevation_units, description, route_type, difficulty, general_area, origin) VALUES (11, "BeltLine Eastside Trail From Piedmont Park", 7.0, "miles", 374, "ft", "BeltLine Eastside Trail From Piedmont Park is a 7 mile heavily trafficked out and back trail located near Atlanta, Georgia that features a great forest setting and is good for all skill levels. The trail offers a number of activity options and is accessible year-round. Dogs are also able to use this trail but must be kept on leash.", "Out & Back", "Easy", "Piedmont Park", "https://www.alltrails.com/trail/us/georgia/beltline-eastside-trail-from-piedmont-park");
INSERT INTO trail (trail_id, trail_name, distance, distance_units, elevation_gain, elevation_units, description, route_type, difficulty, general_area, origin) VALUES (12, "Bull Sluice Lake", 2.1, "miles", 193, "ft", "Bull Sluice Lake is a 2.1 mile moderately trafficked loop trail located near Atlanta, Georgia that features a river and is good for all skill levels. The trail is primarily used for hiking and fishing and is best used from April until October. Dogs are also able to use this trail but must be kept on leash.", "Loop", "Easy", "Chattahoochee River National Recreation Area", "https://www.alltrails.com/trail/us/georgia/bull-sluice-lake");
INSERT INTO trail (trail_id, trail_name, distance, distance_units, elevation_gain, elevation_units, description, route_type, difficulty, general_area, origin) VALUES (13, "Cascade Springs Nature Preserve Outer Loop", 1.5, "miles", 127, "ft", "Cascade Springs Nature Preserve Outer Loop is a 1.5 mile lightly trafficked loop trail located near Atlanta, Georgia that offers the chance to see wildlife. The trail is good for all skill levels and primarily used for hiking and trail running. Dogs are also able to use this trail but must be kept on leash.", "Loop", "Easy", "Atlanta, Georgia", "https://www.alltrails.com/trail/us/georgia/cascade-springs-nature-preserve-outer-loop");
INSERT INTO trail (trail_id, trail_name, distance, distance_units, elevation_gain, elevation_units, description, route_type, difficulty, general_area, origin) VALUES (14, "Chastain Park Trail", 2.5, "miles", 209, "ft", "Chastain Park Trail  is a 2.5 mile lightly trafficked loop trail located near Atlanta, Georgia that features beautiful wild flowers and is good for all skill levels. The trail offers a number of activity options and is accessible year-round. Dogs are also able to use this trail but must be kept on leash.", "Loop", "Easy", "Chastain Memorial Park", "https://www.alltrails.com/trail/us/georgia/chastain-park-trail");
INSERT INTO trail (trail_id, trail_name, distance, distance_units, elevation_gain, elevation_units, description, route_type, difficulty, general_area, origin) VALUES (15, "Grant Park Loop Trail", 1.4, "miles", 95, "ft", "Grant Park Loop Trail is a 1.4 mile moderately trafficked loop trail located near Atlanta, Georgia that features a great forest setting and is good for all skill levels. The trail is primarily used for hiking, walking, trail running, and nature trips and is accessible year-round. Dogs are also able to use this trail but must be kept on leash.", "Loop", "Easy", "Grant Park", "https://www.alltrails.com/trail/us/georgia/grant-park-loop-trail");
INSERT INTO trail (trail_id, trail_name, distance, distance_units, elevation_gain, elevation_units, description, route_type, difficulty, general_area, origin) VALUES (16, "Canyon Trail to Waipoo Falls", 3.2, "miles", 1210, "ft", "Canyon Trail to Waipoo Falls is a 3.2 mile lightly trafficked out and back trail located near Kekaha, Hawaii that features a waterfall and is rated as moderate. The trail offers a number of activity options and is accessible year-round.", "Out & Back", "Moderate", "Koke's State Park", "https://www.alltrails.com/trail/us/hawaii/canyon-trail-to-waipoo-falls");
INSERT INTO trail (trail_id, trail_name, distance, distance_units, elevation_gain, elevation_units, description, route_type, difficulty, general_area, origin) VALUES (17, "Kaiwa Ridge (Pillbox) Trail", 3.2, "miles", 1246, "ft", "Kaiwa Ridge (Pillbox) Trail is a 3.2 mile moderately trafficked out and back trail located near Kailua, Hawaii that features beautiful wild flowers and is rated as moderate. The trail is primarily used for hiking, walking, and trail running and is accessible year-round. Dogs are also able to use this trail but must be kept on leash.", "Out & Back", "Moderate", "Kailua Beach Park", "https://www.alltrails.com/trail/us/hawaii/kaiwa-ridge-pillbox-trail");
INSERT INTO trail (trail_id, trail_name, distance, distance_units, elevation_gain, elevation_units, description, route_type, difficulty, general_area, origin) VALUES (18, "Makapu'u Point Lighthouse Trail (Kaiwi)", 3.2, "miles", 807, "ft", "Makapu'u Point Lighthouse Trail (Kaiwi) is a 3.2 mile heavily trafficked out and back trail located near Honolulu, Hawaii that features beautiful wild flowers and is good for all skill levels. The trail offers a number of activity options and is accessible year-round. Dogs are also able to use this trail but must be kept on leash.", "Out & Back", "Easy", "Makapu'u Point State Wayside", "https://www.alltrails.com/trail/us/hawaii/makapuu-point-lighthouse-trail-kaiwi");
INSERT INTO trail (trail_id, trail_name, distance, distance_units, elevation_gain, elevation_units, description, route_type, difficulty, general_area, origin) VALUES (19, "Na Pali Coast (Kalalau) Trail", 22.0, "miles", 6177, "ft", "Na Pali Coast (Kalalau) Trail  is a 22 mile moderately trafficked out and back trail located near Haena, Hawaii that features a waterfall and is only recommended for very experienced adventurers. The trail offers a number of activity options and is accessible year-round. Dogs are also able to use this trail.", "Out & Back", "Hard", "Napali Coast State Park", "https://www.alltrails.com/trail/us/hawaii/na-pali-coast-kalalau-trail");
INSERT INTO trail (trail_id, trail_name, distance, distance_units, elevation_gain, elevation_units, description, route_type, difficulty, general_area, origin) VALUES (20, "Wiliwilinui Bernie Ridge Trail", 4.5, "miles", 1597, "ft", "Wiliwilinui Ridge Trail is a 4.5 mile out and back trail located near Honolulu, Hawaii that offers the chance to see wildlife and is rated as moderate. The trail offers a number of activity options and is accessible year-round. Dogs are also able to use this trail but must be kept on leash.", "Out & Back", "Moderate", "Honolulu, Hawaii", "https://www.alltrails.com/trail/us/hawaii/wiliwilinui-ridge-trail");
INSERT INTO trail (trail_id, trail_name, distance, distance_units, elevation_gain, elevation_units, description, route_type, difficulty, general_area, origin) VALUES (21, "Consectetur laboris.", 10, "miles", "588", "ft", "Occaecat cupidatat irure reprehenderit. Do amet. Commodo pariatur consequat officia.", "Bernie", "BernieBuster", "Minim nostrud.", "http://www.officia.com/Lorem/dolor.html");
INSERT INTO trail (trail_id, trail_name, distance, distance_units, elevation_gain, elevation_units, description, route_type, difficulty, general_area, origin) VALUES (22, "Laborum ullamco.", 9, "miles", "407", "ft", "Nostrud magna fugiat occaecat in. Magna aliqua. Laboris enim consectetur.", "Out & Back", "Easy", "Do dolore ipsum.", "http://www.eiusmod.com/nulla/laborum.html");
INSERT INTO trail (trail_id, trail_name, distance, distance_units, elevation_gain, elevation_units, description, route_type, difficulty, general_area, origin) VALUES (23, "Tempor dolore cillum sint.", 14, "miles", "541", "ft", "Labore dolore consequat occaecat laborum. Excepteur ad pariatur. Occaecat anim est mollit.", "Bernie", "Moderate", "Ut amet irure.", "http://www.cillum.com/et/dolore.html");
INSERT INTO trail (trail_id, trail_name, distance, distance_units, elevation_gain, elevation_units, description, route_type, difficulty, general_area, origin) VALUES (24, "Duis ipsum Lorem ullamco.", 14, "miles", "1583", "ft", "Amet aliqua elit. Qui non excepteur ullamco amet. Excepteur nisi exercitation deserunt.", "Out & Back", "BernieBuster", "Sint fugiat.", "http://www.enim.com/minim/veniam.html");
INSERT INTO trail (trail_id, trail_name, distance, distance_units, elevation_gain, elevation_units, description, route_type, difficulty, general_area, origin) VALUES (25, "Laboris anim et deserunt.", 0, "miles", "1811", "ft", "Dolore cupidatat duis tempor. Ipsum excepteur est eu. Laboris voluptate sit labore est.", "Out & Back", "BernieBuster", "Non sit.", "http://www.sunt.com/pariatur/adipisicing.html");
INSERT INTO trail (trail_id, trail_name, distance, distance_units, elevation_gain, elevation_units, description, route_type, difficulty, general_area, origin) VALUES (26, "Mollit dolore minim.", 13, "miles", "779", "ft", "Occaecat ipsum. Sunt amet cupidatat nostrud aliquip. Aliquip et officia exercitation.", "Loop", "Moderate", "Occaecat elit do.", "http://www.irure.com/fugiat/deserunt.html");
INSERT INTO trail (trail_id, trail_name, distance, distance_units, elevation_gain, elevation_units, description, route_type, difficulty, general_area, origin) VALUES (27, "Mollit deserunt aliquip.", 1, "miles", "1073", "ft", "Est anim quis fugiat. Reprehenderit minim. Commodo amet tempor.", "Out & Back", "BernieBuster", "Reprehenderit reprehenderit.", "http://www.laboris.com/Lorem/magna.html");
INSERT INTO trail (trail_id, trail_name, distance, distance_units, elevation_gain, elevation_units, description, route_type, difficulty, general_area, origin) VALUES (28, "Mollit Lorem est nostrud.", 1, "miles", "647", "ft", "Ullamco ullamco excepteur. Reprehenderit id cupidatat. Officia mollit quis laborum nostrud.", "Loop", "BernieBuster", "Elit cillum.", "http://www.excepteur.com/elit/occaecat.html");
INSERT INTO trail (trail_id, trail_name, distance, distance_units, elevation_gain, elevation_units, description, route_type, difficulty, general_area, origin) VALUES (29, "Eiusmod do qui.", 10, "miles", "1021", "ft", "Exercitation sint consequat. Non est cupidatat officia. Magna laborum.", "Out & Back", "Moderate", "Et labore.", "http://www.enim.com/veniam/consequat.html");
INSERT INTO trail (trail_id, trail_name, distance, distance_units, elevation_gain, elevation_units, description, route_type, difficulty, general_area, origin) VALUES (30, "Labore amet.", 0, "miles", "1406", "ft", "In dolore qui aute. Fugiat duis. Consequat tempor ex.", "Bernie", "BernieBuster", "Quis do.", "http://www.nostrud.com/esse/ullamco.html");
INSERT INTO trail (trail_id, trail_name, distance, distance_units, elevation_gain, elevation_units, description, route_type, difficulty, general_area, origin) VALUES (31, "Voluptate magna.", 14, "miles", "39", "ft", "Irure laborum tempor occaecat deserunt. In velit. Ex pariatur labore.", "Out & Back", "Moderate", "Fugiat exercitation.", "http://www.cillum.com/incididunt/incididunt.html");
INSERT INTO trail (trail_id, trail_name, distance, distance_units, elevation_gain, elevation_units, description, route_type, difficulty, general_area, origin) VALUES (32, "Non quis incididunt.", 10, "miles", "596", "ft", "Labore Lorem cupidatat est voluptate. Nulla minim ipsum excepteur nulla. Magna in nostrud Lorem.", "Out & Back", "BernieBuster", "Dolor officia sunt.", "http://www.nostrud.com/sit/proident.html");
INSERT INTO trail (trail_id, trail_name, distance, distance_units, elevation_gain, elevation_units, description, route_type, difficulty, general_area, origin) VALUES (33, "Culpa nostrud magna do.", 8, "miles", "962", "ft", "Irure cupidatat magna nostrud. Id minim est aliquip in. Commodo non.", "Bernie", "Easy", "Tempor sint est.", "http://www.cillum.com/nisi/eu.html");
INSERT INTO trail (trail_id, trail_name, distance, distance_units, elevation_gain, elevation_units, description, route_type, difficulty, general_area, origin) VALUES (34, "Anim cillum.", 6, "miles", "839", "ft", "Officia duis nostrud Lorem. Occaecat ex incididunt. Excepteur cupidatat.", "Bernie", "Moderate", "Anim consequat.", "http://www.nostrud.com/aliquip/magna.html");
INSERT INTO trail (trail_id, trail_name, distance, distance_units, elevation_gain, elevation_units, description, route_type, difficulty, general_area, origin) VALUES (35, "Ipsum proident.", 5, "miles", "673", "ft", "Qui ut eiusmod duis. Mollit minim consectetur. Consectetur laborum culpa.", "Bernie", "Moderate", "Voluptate exercitation.", "http://www.esse.com/officia/Lorem.html");
INSERT INTO trail (trail_id, trail_name, distance, distance_units, elevation_gain, elevation_units, description, route_type, difficulty, general_area, origin) VALUES (36, "Dolor esse laborum.", 14, "miles", "567", "ft", "Officia id deserunt proident. Ipsum ut. Sit exercitation.", "Bernie", "Moderate", "Eiusmod in eiusmod.", "http://www.adipisicing.com/consequat/elit.html");
INSERT INTO trail (trail_id, trail_name, distance, distance_units, elevation_gain, elevation_units, description, route_type, difficulty, general_area, origin) VALUES (37, "Duis ea deserunt ullamco.", 9, "miles", "1297", "ft", "Sit veniam quis. Excepteur eu magna. Ullamco cupidatat mollit deserunt.", "Bernie", "Moderate", "Incididunt excepteur enim.", "http://www.aliqua.com/reprehenderit/non.html");
INSERT INTO trail (trail_id, trail_name, distance, distance_units, elevation_gain, elevation_units, description, route_type, difficulty, general_area, origin) VALUES (38, "Exercitation culpa.", 11, "miles", "653", "ft", "Elit ullamco do. Aliquip occaecat aliqua. Est elit esse.", "Out & Back", "BernieBuster", "In sint.", "http://www.et.com/occaecat/reprehenderit.html");
INSERT INTO trail (trail_id, trail_name, distance, distance_units, elevation_gain, elevation_units, description, route_type, difficulty, general_area, origin) VALUES (39, "Magna labore.", 7, "miles", "1804", "ft", "Pariatur anim. Elit est. Laborum consectetur ea labore.", "Out & Back", "Moderate", "Sit occaecat.", "http://www.excepteur.com/do/Lorem.html");
INSERT INTO trail (trail_id, trail_name, distance, distance_units, elevation_gain, elevation_units, description, route_type, difficulty, general_area, origin) VALUES (40, "In incididunt anim.", 10, "miles", "1666", "ft", "Sunt quis adipisicing elit. Exercitation quis anim fugiat anim. Fugiat proident magna.", "Loop", "BernieBuster", "Aliqua id pariatur.", "http://www.nulla.com/qui/laborum.html");
INSERT INTO trail (trail_id, trail_name, distance, distance_units, elevation_gain, elevation_units, description, route_type, difficulty, general_area, origin) VALUES (41, "Non Lorem.", 3, "miles", "501", "ft", "Pariatur ex nostrud proident tempor. Pariatur est. Enim velit voluptate aute ex.", "Bernie", "Easy", "Pariatur ipsum sunt.", "http://www.eiusmod.com/quis/est.html");
INSERT INTO trail (trail_id, trail_name, distance, distance_units, elevation_gain, elevation_units, description, route_type, difficulty, general_area, origin) VALUES (42, "Officia eiusmod.", 5, "miles", "1897", "ft", "Do quis occaecat. Esse nulla. Pariatur commodo.", "Bernie", "BernieBuster", "Occaecat id.", "http://www.consequat.com/aute/cillum.html");
INSERT INTO trail (trail_id, trail_name, distance, distance_units, elevation_gain, elevation_units, description, route_type, difficulty, general_area, origin) VALUES (43, "Nulla adipisicing.", 10, "miles", "1408", "ft", "Occaecat enim sit proident consequat. Sint id. In esse.", "Bernie", "Easy", "Nisi pariatur.", "http://www.veniam.com/aliqua/officia.html");
INSERT INTO trail (trail_id, trail_name, distance, distance_units, elevation_gain, elevation_units, description, route_type, difficulty, general_area, origin) VALUES (44, "Excepteur fugiat excepteur.", 10, "miles", "1369", "ft", "Non minim. Adipisicing officia sunt anim ut. Sint officia commodo pariatur laborum.", "Out & Back", "Moderate", "Consequat nisi ipsum.", "http://www.occaecat.com/in/fugiat.html");
INSERT INTO trail (trail_id, trail_name, distance, distance_units, elevation_gain, elevation_units, description, route_type, difficulty, general_area, origin) VALUES (45, "Veniam pariatur tempor id.", 8, "miles", "688", "ft", "Exercitation deserunt eiusmod. Minim non amet incididunt veniam. In consectetur aliqua Lorem et.", "Bernie", "Easy", "Consectetur consequat.", "http://www.duis.com/cupidatat/pariatur.html");
INSERT INTO trail (trail_id, trail_name, distance, distance_units, elevation_gain, elevation_units, description, route_type, difficulty, general_area, origin) VALUES (46, "Nisi magna quis.", 11, "miles", "672", "ft", "Laborum duis sit. Cillum velit aute est non. Esse velit do aliqua.", "Loop", "BernieBuster", "Sint nulla elit.", "http://www.occaecat.com/fugiat/laborum.html");
INSERT INTO trail (trail_id, trail_name, distance, distance_units, elevation_gain, elevation_units, description, route_type, difficulty, general_area, origin) VALUES (47, "Lorem ad duis.", 15, "miles", "1375", "ft", "Aliquip ullamco. Do laboris. Incididunt eiusmod irure.", "Bernie", "Easy", "Laboris ex.", "http://www.irure.com/ipsum/qui.html");
INSERT INTO trail (trail_id, trail_name, distance, distance_units, elevation_gain, elevation_units, description, route_type, difficulty, general_area, origin) VALUES (48, "Eu do magna.", 13, "miles", "123", "ft", "Incididunt in. Labore minim cillum. Minim ullamco excepteur exercitation sit.", "Bernie", "Moderate", "Eu amet commodo.", "http://www.adipisicing.com/amet/est.html");
INSERT INTO trail (trail_id, trail_name, distance, distance_units, elevation_gain, elevation_units, description, route_type, difficulty, general_area, origin) VALUES (49, "Cillum aute.", 7, "miles", "1140", "ft", "Non exercitation. Excepteur consequat. Deserunt anim officia.", "Out & Back", "Moderate", "Consectetur laborum ut.", "http://www.do.com/consequat/sint.html");
INSERT INTO trail (trail_id, trail_name, distance, distance_units, elevation_gain, elevation_units, description, route_type, difficulty, general_area, origin) VALUES (50, "Duis laboris id.", 7, "miles", "1412", "ft", "Nulla esse ex. Aute laboris dolore id. Quis eiusmod labore ex.", "Out & Back", "Easy", "Elit incididunt.", "http://www.in.com/mollit/Lorem.html");
INSERT INTO trail (trail_id, trail_name, distance, distance_units, elevation_gain, elevation_units, description, route_type, difficulty, general_area, origin) VALUES (51, "Voluptate aute elit.", 4, "miles", "628", "ft", "Aliquip sit. Nulla consequat eu. Exercitation ut cillum veniam.", "Bernie", "Moderate", "Sint duis minim.", "http://www.exercitation.com/dolor/elit.html");
INSERT INTO trail (trail_id, trail_name, distance, distance_units, elevation_gain, elevation_units, description, route_type, difficulty, general_area, origin) VALUES (52, "Voluptate dolore nisi.", 2, "miles", "122", "ft", "Magna aliqua Lorem excepteur id. Consequat consequat. Velit sunt.", "Loop", "Moderate", "Reprehenderit mollit.", "http://www.aliquip.com/excepteur/adipisicing.html");
INSERT INTO trail (trail_id, trail_name, distance, distance_units, elevation_gain, elevation_units, description, route_type, difficulty, general_area, origin) VALUES (53, "Sit eiusmod sunt qui.", 11, "miles", "1546", "ft", "Sint quis magna ut reprehenderit. Sint veniam sint qui. Magna reprehenderit.", "Bernie", "Moderate", "Aliquip pariatur eiusmod.", "http://www.Lorem.com/et/nostrud.html");
INSERT INTO trail (trail_id, trail_name, distance, distance_units, elevation_gain, elevation_units, description, route_type, difficulty, general_area, origin) VALUES (54, "Magna sunt.", 8, "miles", "646", "ft", "Ex velit laborum. Occaecat fugiat. Consectetur sit labore culpa officia.", "Out & Back", "BernieBuster", "Adipisicing nisi.", "http://www.ipsum.com/est/sunt.html");
INSERT INTO trail (trail_id, trail_name, distance, distance_units, elevation_gain, elevation_units, description, route_type, difficulty, general_area, origin) VALUES (55, "Magna sunt.", 4, "miles", "6", "ft", "Ullamco officia commodo. Magna minim consectetur ea anim. Cillum occaecat.", "Bernie", "Moderate", "Dolore ea.", "http://www.minim.com/anim/ipsum.html");
INSERT INTO trail (trail_id, trail_name, distance, distance_units, elevation_gain, elevation_units, description, route_type, difficulty, general_area, origin) VALUES (56, "Quis laboris aute laboris.", 13, "miles", "1376", "ft", "Adipisicing in ullamco culpa id. Duis sit do. Quis amet eu consequat esse.", "Bernie", "Moderate", "Consequat aliqua officia.", "http://www.officia.com/occaecat/dolore.html");
INSERT INTO trail (trail_id, trail_name, distance, distance_units, elevation_gain, elevation_units, description, route_type, difficulty, general_area, origin) VALUES (57, "Eiusmod officia laboris.", 13, "miles", "1020", "ft", "Occaecat cillum sit enim et. Ipsum ea est. Id laborum enim ullamco.", "Loop", "Easy", "Ea officia laboris.", "http://www.et.com/quis/id.html");
INSERT INTO trail (trail_id, trail_name, distance, distance_units, elevation_gain, elevation_units, description, route_type, difficulty, general_area, origin) VALUES (58, "Non cupidatat.", 11, "miles", "1247", "ft", "Adipisicing mollit irure. Id mollit. Mollit esse culpa.", "Bernie", "Easy", "Ut veniam reprehenderit.", "http://www.consequat.com/ex/minim.html");
INSERT INTO trail (trail_id, trail_name, distance, distance_units, elevation_gain, elevation_units, description, route_type, difficulty, general_area, origin) VALUES (59, "Laborum officia magna.", 4, "miles", "478", "ft", "Adipisicing velit sint. Officia esse. Laborum minim.", "Out & Back", "BernieBuster", "Eiusmod amet incididunt.", "http://www.fugiat.com/sit/aute.html");
INSERT INTO trail (trail_id, trail_name, distance, distance_units, elevation_gain, elevation_units, description, route_type, difficulty, general_area, origin) VALUES (60, "In nisi nulla.", 7, "miles", "1662", "ft", "Quis elit eu aliquip. Aliquip non. Minim duis sint enim.", "Loop", "Moderate", "Deserunt nulla commodo.", "http://www.et.com/mollit/ex.html");
INSERT INTO trail (trail_id, trail_name, distance, distance_units, elevation_gain, elevation_units, description, route_type, difficulty, general_area, origin) VALUES (61, "Mollit ipsum occaecat.", 9, "miles", "285", "ft", "Labore proident nisi mollit excepteur. Ea ipsum sint in aliqua. Lorem nisi officia ut consectetur.", "Bernie", "Moderate", "Aute fugiat.", "http://www.aliqua.com/nostrud/ut.html");
INSERT INTO trail (trail_id, trail_name, distance, distance_units, elevation_gain, elevation_units, description, route_type, difficulty, general_area, origin) VALUES (62, "Elit eiusmod.", 5, "miles", "69", "ft", "Sit nostrud aliquip deserunt. Ex occaecat tempor. Deserunt commodo.", "Out & Back", "Easy", "Enim ipsum nostrud.", "http://www.esse.com/irure/velit.html");
INSERT INTO trail (trail_id, trail_name, distance, distance_units, elevation_gain, elevation_units, description, route_type, difficulty, general_area, origin) VALUES (63, "Aute nisi.", 9, "miles", "1619", "ft", "Tempor id deserunt pariatur. Adipisicing exercitation ullamco. Exercitation aute voluptate officia anim.", "Out & Back", "BernieBuster", "Exercitation aliqua laboris.", "http://www.proident.com/laboris/voluptate.html");
INSERT INTO trail (trail_id, trail_name, distance, distance_units, elevation_gain, elevation_units, description, route_type, difficulty, general_area, origin) VALUES (64, "Elit laboris exercitation sunt.", 2, "miles", "1460", "ft", "Aute qui laborum elit voluptate. Pariatur anim dolore dolor. Ut aute.", "Loop", "Moderate", "Dolore ex nulla.", "http://www.voluptate.com/laborum/officia.html");
INSERT INTO trail (trail_id, trail_name, distance, distance_units, elevation_gain, elevation_units, description, route_type, difficulty, general_area, origin) VALUES (65, "Aliquip adipisicing officia consectetur.", 5, "miles", "996", "ft", "Ullamco duis amet ex duis. Laborum esse aute sint. Laboris est enim.", "Loop", "Easy", "Sint qui.", "http://www.irure.com/consectetur/ipsum.html");
INSERT INTO trail (trail_id, trail_name, distance, distance_units, elevation_gain, elevation_units, description, route_type, difficulty, general_area, origin) VALUES (66, "Quis nostrud ullamco.", 15, "miles", "607", "ft", "Occaecat dolor. Eu occaecat adipisicing id aliqua. Commodo nulla.", "Bernie", "Easy", "Non enim irure.", "http://www.do.com/dolore/velit.html");
INSERT INTO trail (trail_id, trail_name, distance, distance_units, elevation_gain, elevation_units, description, route_type, difficulty, general_area, origin) VALUES (67, "Officia adipisicing.", 4, "miles", "1868", "ft", "Mollit voluptate officia aliqua exercitation. Tempor duis veniam aliquip. Pariatur cillum.", "Bernie", "BernieBuster", "Amet non.", "http://www.nulla.com/irure/esse.html");
INSERT INTO trail (trail_id, trail_name, distance, distance_units, elevation_gain, elevation_units, description, route_type, difficulty, general_area, origin) VALUES (68, "Id consectetur laboris sit.", 8, "miles", "263", "ft", "Anim ad in. Aliqua minim magna nulla. Tempor ea id ad quis.", "Out & Back", "BernieBuster", "Cillum elit.", "http://www.consectetur.com/reprehenderit/cillum.html");
INSERT INTO trail (trail_id, trail_name, distance, distance_units, elevation_gain, elevation_units, description, route_type, difficulty, general_area, origin) VALUES (69, "Laborum ut.", 3, "miles", "201", "ft", "Lorem minim elit ex. Enim laboris cupidatat. Mollit sint excepteur incididunt.", "Bernie", "Easy", "Irure eiusmod.", "http://www.ea.com/tempor/labore.html");
INSERT INTO trail (trail_id, trail_name, distance, distance_units, elevation_gain, elevation_units, description, route_type, difficulty, general_area, origin) VALUES (70, "Cupidatat occaecat consequat.", 5, "miles", "729", "ft", "Exercitation minim. Magna est in. Dolore excepteur est quis fugiat.", "Bernie", "BernieBuster", "Ad aute.", "http://www.sunt.com/irure/excepteur.html");
INSERT INTO trail (trail_id, trail_name, distance, distance_units, elevation_gain, elevation_units, description, route_type, difficulty, general_area, origin) VALUES (71, "Eiusmod ut mollit exercitation.", 11, "miles", "726", "ft", "Nostrud consequat mollit minim. Incididunt enim duis consectetur. Dolor dolore duis esse.", "Loop", "Moderate", "Qui non.", "http://www.minim.com/aute/qui.html");
INSERT INTO trail (trail_id, trail_name, distance, distance_units, elevation_gain, elevation_units, description, route_type, difficulty, general_area, origin) VALUES (72, "Aliqua excepteur.", 0, "miles", "531", "ft", "Ex proident. In proident. Do laboris culpa magna.", "Out & Back", "BernieBuster", "Id cillum fugiat.", "http://www.excepteur.com/ut/irure.html");
INSERT INTO trail (trail_id, trail_name, distance, distance_units, elevation_gain, elevation_units, description, route_type, difficulty, general_area, origin) VALUES (73, "Sit proident commodo.", 6, "miles", "967", "ft", "Quis nisi eu mollit labore. Ipsum aliqua exercitation sit. Ut pariatur est excepteur.", "Loop", "Easy", "Et duis.", "http://www.ex.com/id/sunt.html");
INSERT INTO trail (trail_id, trail_name, distance, distance_units, elevation_gain, elevation_units, description, route_type, difficulty, general_area, origin) VALUES (74, "Enim laborum cupidatat.", 2, "miles", "1209", "ft", "Amet dolor. Ad ullamco ea. Proident ut id.", "Loop", "Moderate", "Officia ea.", "http://www.est.com/ipsum/sunt.html");
INSERT INTO trail (trail_id, trail_name, distance, distance_units, elevation_gain, elevation_units, description, route_type, difficulty, general_area, origin) VALUES (75, "Excepteur amet ad adipisicing.", 3, "miles", "626", "ft", "Aliquip pariatur amet. Nulla magna amet mollit sit. Tempor ullamco nostrud adipisicing.", "Out & Back", "BernieBuster", "Est pariatur esse.", "http://www.occaecat.com/enim/voluptate.html");
INSERT INTO trail (trail_id, trail_name, distance, distance_units, elevation_gain, elevation_units, description, route_type, difficulty, general_area, origin) VALUES (76, "Est occaecat adipisicing ut.", 3, "miles", "1656", "ft", "Sit irure non. Non aliqua occaecat pariatur. Adipisicing fugiat ut.", "Loop", "BernieBuster", "Nostrud officia.", "http://www.esse.com/magna/esse.html");
INSERT INTO trail (trail_id, trail_name, distance, distance_units, elevation_gain, elevation_units, description, route_type, difficulty, general_area, origin) VALUES (77, "Consectetur et.", 4, "miles", "232", "ft", "Pariatur labore sit ut. Voluptate amet sint ut ea. Voluptate laborum occaecat minim.", "Out & Back", "Moderate", "Qui sint.", "http://www.ullamco.com/minim/est.html");
INSERT INTO trail (trail_id, trail_name, distance, distance_units, elevation_gain, elevation_units, description, route_type, difficulty, general_area, origin) VALUES (78, "Consectetur consequat cillum.", 13, "miles", "8", "ft", "Cupidatat aliquip occaecat. Cupidatat reprehenderit sunt. Elit sit officia tempor.", "Bernie", "BernieBuster", "Tempor tempor reprehenderit.", "http://www.est.com/dolor/ullamco.html");
INSERT INTO trail (trail_id, trail_name, distance, distance_units, elevation_gain, elevation_units, description, route_type, difficulty, general_area, origin) VALUES (79, "Minim incididunt eiusmod.", 7, "miles", "1127", "ft", "Adipisicing enim laboris minim. Do velit. Reprehenderit duis exercitation consectetur velit.", "Loop", "Moderate", "Aute duis.", "http://www.nulla.com/ex/nulla.html");
INSERT INTO trail (trail_id, trail_name, distance, distance_units, elevation_gain, elevation_units, description, route_type, difficulty, general_area, origin) VALUES (80, "Id incididunt.", 5, "miles", "1560", "ft", "Ipsum do. Magna veniam esse. Aute in laboris pariatur.", "Loop", "Easy", "Irure voluptate.", "http://www.occaecat.com/nulla/duis.html");
INSERT INTO trail (trail_id, trail_name, distance, distance_units, elevation_gain, elevation_units, description, route_type, difficulty, general_area, origin) VALUES (81, "Dolor elit.", 2, "miles", "1156", "ft", "Sint duis excepteur est ullamco. Minim elit do. Quis irure consequat excepteur dolor.", "Bernie", "BernieBuster", "Lorem minim.", "http://www.cupidatat.com/pariatur/mollit.html");
INSERT INTO trail (trail_id, trail_name, distance, distance_units, elevation_gain, elevation_units, description, route_type, difficulty, general_area, origin) VALUES (82, "Dolor aliquip officia.", 4, "miles", "171", "ft", "Incididunt nulla adipisicing. Aliqua adipisicing. Ea veniam.", "Bernie", "Easy", "Ea qui.", "http://www.sint.com/aute/do.html");
INSERT INTO trail (trail_id, trail_name, distance, distance_units, elevation_gain, elevation_units, description, route_type, difficulty, general_area, origin) VALUES (83, "Fugiat exercitation.", 4, "miles", "987", "ft", "Veniam aliquip excepteur consequat. Sunt Lorem. Deserunt deserunt.", "Out & Back", "BernieBuster", "Quis minim.", "http://www.esse.com/qui/veniam.html");
INSERT INTO trail (trail_id, trail_name, distance, distance_units, elevation_gain, elevation_units, description, route_type, difficulty, general_area, origin) VALUES (84, "Elit sunt esse.", 1, "miles", "846", "ft", "Do incididunt deserunt occaecat. Aliqua minim tempor est. Pariatur aute fugiat.", "Bernie", "Easy", "Sunt velit sit.", "http://www.aliquip.com/et/pariatur.html");
INSERT INTO trail (trail_id, trail_name, distance, distance_units, elevation_gain, elevation_units, description, route_type, difficulty, general_area, origin) VALUES (85, "Minim ullamco.", 7, "miles", "1702", "ft", "Non ad magna laboris laborum. Magna sit proident. Commodo cupidatat commodo cupidatat.", "Loop", "Easy", "Adipisicing velit sit.", "http://www.ipsum.com/consectetur/laborum.html");
INSERT INTO trail (trail_id, trail_name, distance, distance_units, elevation_gain, elevation_units, description, route_type, difficulty, general_area, origin) VALUES (86, "Cupidatat eiusmod proident.", 1, "miles", "901", "ft", "Quis et. Non ea velit consectetur minim. Deserunt exercitation reprehenderit reprehenderit pariatur.", "Out & Back", "Moderate", "Quis ad.", "http://www.in.com/esse/exercitation.html");
INSERT INTO trail (trail_id, trail_name, distance, distance_units, elevation_gain, elevation_units, description, route_type, difficulty, general_area, origin) VALUES (87, "Ullamco quis tempor ipsum.", 10, "miles", "874", "ft", "Eiusmod voluptate mollit. Deserunt ipsum commodo cupidatat. Sit officia.", "Bernie", "BernieBuster", "Do amet dolor.", "http://www.elit.com/commodo/cupidatat.html");
INSERT INTO trail (trail_id, trail_name, distance, distance_units, elevation_gain, elevation_units, description, route_type, difficulty, general_area, origin) VALUES (88, "Et elit ad.", 2, "miles", "1330", "ft", "Consequat laborum. Adipisicing enim anim. Veniam velit commodo.", "Loop", "Easy", "Consectetur qui.", "http://www.amet.com/commodo/esse.html");
INSERT INTO trail (trail_id, trail_name, distance, distance_units, elevation_gain, elevation_units, description, route_type, difficulty, general_area, origin) VALUES (89, "Laboris et pariatur.", 10, "miles", "531", "ft", "Dolor adipisicing anim nulla nisi. Dolor pariatur ad esse sit. Commodo laboris.", "Out & Back", "BernieBuster", "Dolore elit ipsum.", "http://www.occaecat.com/sunt/eiusmod.html");
INSERT INTO trail (trail_id, trail_name, distance, distance_units, elevation_gain, elevation_units, description, route_type, difficulty, general_area, origin) VALUES (90, "Amet adipisicing sint fugiat.", 6, "miles", "70", "ft", "Laboris duis amet. Elit aliquip ut elit. Cillum do officia sint Lorem.", "Loop", "Easy", "Consectetur ad.", "http://www.esse.com/laboris/irure.html");
INSERT INTO trail (trail_id, trail_name, distance, distance_units, elevation_gain, elevation_units, description, route_type, difficulty, general_area, origin) VALUES (91, "Consectetur sint consectetur esse.", 4, "miles", "82", "ft", "Do eiusmod. Dolor est labore tempor Lorem. Magna proident adipisicing dolore reprehenderit.", "Loop", "Easy", "Aliquip id.", "http://www.amet.com/et/cupidatat.html");
INSERT INTO trail (trail_id, trail_name, distance, distance_units, elevation_gain, elevation_units, description, route_type, difficulty, general_area, origin) VALUES (92, "Laborum amet eu.", 3, "miles", "1817", "ft", "Magna cupidatat. Sint est. Esse id occaecat minim nisi.", "Out & Back", "Easy", "Enim exercitation laborum.", "http://www.sunt.com/excepteur/commodo.html");
INSERT INTO trail (trail_id, trail_name, distance, distance_units, elevation_gain, elevation_units, description, route_type, difficulty, general_area, origin) VALUES (93, "Commodo aute laborum consectetur.", 13, "miles", "1339", "ft", "Sint nisi. Ea sit. Occaecat pariatur quis.", "Loop", "Easy", "Voluptate eu id.", "http://www.nostrud.com/nisi/ad.html");
INSERT INTO trail (trail_id, trail_name, distance, distance_units, elevation_gain, elevation_units, description, route_type, difficulty, general_area, origin) VALUES (94, "Ullamco proident.", 6, "miles", "483", "ft", "Commodo consequat do qui. Commodo officia. Minim officia eu.", "Loop", "Moderate", "Ipsum velit.", "http://www.sint.com/et/consectetur.html");
INSERT INTO trail (trail_id, trail_name, distance, distance_units, elevation_gain, elevation_units, description, route_type, difficulty, general_area, origin) VALUES (95, "Exercitation ipsum id.", 3, "miles", "327", "ft", "Est incididunt sunt nisi. Occaecat ullamco consequat nisi. Aliqua Lorem duis pariatur consequat.", "Loop", "Moderate", "Deserunt id qui.", "http://www.do.com/magna/sunt.html");
INSERT INTO trail (trail_id, trail_name, distance, distance_units, elevation_gain, elevation_units, description, route_type, difficulty, general_area, origin) VALUES (96, "Magna tempor laborum adipisicing.", 6, "miles", "1203", "ft", "Lorem aliqua tempor nulla laborum. Incididunt amet pariatur ut. Nulla sint sunt ex.", "Out & Back", "BernieBuster", "Exercitation ipsum ipsum.", "http://www.consectetur.com/id/enim.html");
INSERT INTO trail (trail_id, trail_name, distance, distance_units, elevation_gain, elevation_units, description, route_type, difficulty, general_area, origin) VALUES (97, "Magna reprehenderit.", 6, "miles", "778", "ft", "Duis do. Commodo consectetur. Proident dolor sunt amet.", "Bernie", "BernieBuster", "Minim aliqua.", "http://www.Lorem.com/officia/duis.html");
INSERT INTO trail (trail_id, trail_name, distance, distance_units, elevation_gain, elevation_units, description, route_type, difficulty, general_area, origin) VALUES (98, "Occaecat aliquip in id.", 9, "miles", "173", "ft", "Nisi aute. In ad mollit eu. Qui velit commodo nulla esse.", "Loop", "BernieBuster", "Aute non.", "http://www.sit.com/eu/est.html");
INSERT INTO trail (trail_id, trail_name, distance, distance_units, elevation_gain, elevation_units, description, route_type, difficulty, general_area, origin) VALUES (99, "Lorem in anim pariatur.", 14, "miles", "686", "ft", "Enim adipisicing duis. Magna labore veniam aliquip quis. Eiusmod dolore amet.", "Loop", "Moderate", "Occaecat id.", "http://www.ea.com/est/proident.html");
INSERT INTO trail (trail_id, trail_name, distance, distance_units, elevation_gain, elevation_units, description, route_type, difficulty, general_area, origin) VALUES (100, "Fugiat ea Lorem.", 0, "miles", "1630", "ft", "Laboris reprehenderit et. Labore excepteur sit. Sunt ullamco excepteur consectetur veniam.", "Out & Back", "Easy", "Minim aliqua sint.", "http://www.labore.com/minim/ex.html");


INSERT INTO tags (tag_id, tag_name) VALUES (1, "dogs on leash");
INSERT INTO tags (tag_id, tag_name) VALUES (2, "hiking");
INSERT INTO tags (tag_id, tag_name) VALUES (3, "mountain biking");
INSERT INTO tags (tag_id, tag_name) VALUES (4, "trail running");
INSERT INTO tags (tag_id, tag_name) VALUES (5, "walking");
INSERT INTO tags (tag_id, tag_name) VALUES (6, "views");
INSERT INTO tags (tag_id, tag_name) VALUES (7, "wildlife");
INSERT INTO tags (tag_id, tag_name) VALUES (8, "muddy");
INSERT INTO tags (tag_id, tag_name) VALUES (9, "dog friendly");
INSERT INTO tags (tag_id, tag_name) VALUES (10, "backpacking");
INSERT INTO tags (tag_id, tag_name) VALUES (11, "birding");
INSERT INTO tags (tag_id, tag_name) VALUES (12, "camping");
INSERT INTO tags (tag_id, tag_name) VALUES (13, "nature trips");
INSERT INTO tags (tag_id, tag_name) VALUES (14, "paddle sports");
INSERT INTO tags (tag_id, tag_name) VALUES (15, "beach");
INSERT INTO tags (tag_id, tag_name) VALUES (16, "cave");
INSERT INTO tags (tag_id, tag_name) VALUES (17, "forest");
INSERT INTO tags (tag_id, tag_name) VALUES (18, "river");
INSERT INTO tags (tag_id, tag_name) VALUES (19, "waterfall");
INSERT INTO tags (tag_id, tag_name) VALUES (20, "bugs");
INSERT INTO tags (tag_id, tag_name) VALUES (21, "historic site");
INSERT INTO tags (tag_id, tag_name) VALUES (22, "wildlife");
INSERT INTO tags (tag_id, tag_name) VALUES (23, "rocky");
INSERT INTO tags (tag_id, tag_name) VALUES (24, "kid friendly");
INSERT INTO tags (tag_id, tag_name) VALUES (25, "no shade");
INSERT INTO tags (tag_id, tag_name) VALUES (26, "wheelchair friendly");
INSERT INTO tags (tag_id, tag_name) VALUES (27, "wild flowers");
INSERT INTO tags (tag_id, tag_name) VALUES (28, "lake");
INSERT INTO tags (tag_id, tag_name) VALUES (29, "paved");
INSERT INTO tags (tag_id, tag_name) VALUES (30, "road biking");

INSERT INTO trail_tags (trail_id, tag_id) VALUES (1, 1);
INSERT INTO trail_tags (trail_id, tag_id) VALUES (1, 2);
INSERT INTO trail_tags (trail_id, tag_id) VALUES (1, 3);
INSERT INTO trail_tags (trail_id, tag_id) VALUES (1, 4);
INSERT INTO trail_tags (trail_id, tag_id) VALUES (1, 5);
INSERT INTO trail_tags (trail_id, tag_id) VALUES (1, 6);
INSERT INTO trail_tags (trail_id, tag_id) VALUES (1, 7);
INSERT INTO trail_tags (trail_id, tag_id) VALUES (1, 8);
INSERT INTO trail_tags (trail_id, tag_id) VALUES (1, 9);
INSERT INTO trail_tags (trail_id, tag_id) VALUES (1, 10);
INSERT INTO trail_tags (trail_id, tag_id) VALUES (1, 11);
INSERT INTO trail_tags (trail_id, tag_id) VALUES (1, 21);
INSERT INTO trail_tags (trail_id, tag_id) VALUES (2, 2);
INSERT INTO trail_tags (trail_id, tag_id) VALUES (2, 4);
INSERT INTO trail_tags (trail_id, tag_id) VALUES (2, 6);
INSERT INTO trail_tags (trail_id, tag_id) VALUES (2, 8);
INSERT INTO trail_tags (trail_id, tag_id) VALUES (2, 10);
INSERT INTO trail_tags (trail_id, tag_id) VALUES (2, 12);
INSERT INTO trail_tags (trail_id, tag_id) VALUES (2, 30);
INSERT INTO trail_tags (trail_id, tag_id) VALUES (2, 28);
INSERT INTO trail_tags (trail_id, tag_id) VALUES (2, 26);
INSERT INTO trail_tags (trail_id, tag_id) VALUES (2, 24);
INSERT INTO trail_tags (trail_id, tag_id) VALUES (3, 9);
INSERT INTO trail_tags (trail_id, tag_id) VALUES (3, 10);
INSERT INTO trail_tags (trail_id, tag_id) VALUES (3, 11);
INSERT INTO trail_tags (trail_id, tag_id) VALUES (3, 12);
INSERT INTO trail_tags (trail_id, tag_id) VALUES (3, 13);
INSERT INTO trail_tags (trail_id, tag_id) VALUES (3, 14);
INSERT INTO trail_tags (trail_id, tag_id) VALUES (3, 15);
INSERT INTO trail_tags (trail_id, tag_id) VALUES (3, 16);
INSERT INTO trail_tags (trail_id, tag_id) VALUES (3, 17);
INSERT INTO trail_tags (trail_id, tag_id) VALUES (3, 2);
INSERT INTO trail_tags (trail_id, tag_id) VALUES (4, 22);
INSERT INTO trail_tags (trail_id, tag_id) VALUES (4, 23);
INSERT INTO trail_tags (trail_id, tag_id) VALUES (4, 24);
INSERT INTO trail_tags (trail_id, tag_id) VALUES (4, 25);
INSERT INTO trail_tags (trail_id, tag_id) VALUES (4, 26);
INSERT INTO trail_tags (trail_id, tag_id) VALUES (4, 27);
INSERT INTO trail_tags (trail_id, tag_id) VALUES (4, 28);
INSERT INTO trail_tags (trail_id, tag_id) VALUES (4, 29);
INSERT INTO trail_tags (trail_id, tag_id) VALUES (4, 30);
INSERT INTO trail_tags (trail_id, tag_id) VALUES (4, 1);
INSERT INTO trail_tags (trail_id, tag_id) VALUES (5, 15);
INSERT INTO trail_tags (trail_id, tag_id) VALUES (5, 14);
INSERT INTO trail_tags (trail_id, tag_id) VALUES (5, 13);
INSERT INTO trail_tags (trail_id, tag_id) VALUES (5, 1);
INSERT INTO trail_tags (trail_id, tag_id) VALUES (5, 2);
INSERT INTO trail_tags (trail_id, tag_id) VALUES (5, 3);
INSERT INTO trail_tags (trail_id, tag_id) VALUES (5, 4);
INSERT INTO trail_tags (trail_id, tag_id) VALUES (5, 5);
INSERT INTO trail_tags (trail_id, tag_id) VALUES (5, 6);
INSERT INTO trail_tags (trail_id, tag_id) VALUES (5, 7);
INSERT INTO trail_tags (trail_id, tag_id) VALUES (6, 30);
INSERT INTO trail_tags (trail_id, tag_id) VALUES (6, 29);
INSERT INTO trail_tags (trail_id, tag_id) VALUES (6, 28);
INSERT INTO trail_tags (trail_id, tag_id) VALUES (6, 27);
INSERT INTO trail_tags (trail_id, tag_id) VALUES (6, 26);
INSERT INTO trail_tags (trail_id, tag_id) VALUES (6, 25);
INSERT INTO trail_tags (trail_id, tag_id) VALUES (6, 24);
INSERT INTO trail_tags (trail_id, tag_id) VALUES (6, 23);
INSERT INTO trail_tags (trail_id, tag_id) VALUES (6, 22);
INSERT INTO trail_tags (trail_id, tag_id) VALUES (6, 21);
INSERT INTO trail_tags (trail_id, tag_id) VALUES (7, 17);
INSERT INTO trail_tags (trail_id, tag_id) VALUES (7, 16);
INSERT INTO trail_tags (trail_id, tag_id) VALUES (7, 15);
INSERT INTO trail_tags (trail_id, tag_id) VALUES (7, 14);
INSERT INTO trail_tags (trail_id, tag_id) VALUES (7, 13);
INSERT INTO trail_tags (trail_id, tag_id) VALUES (7, 12);
INSERT INTO trail_tags (trail_id, tag_id) VALUES (7, 11);
INSERT INTO trail_tags (trail_id, tag_id) VALUES (7, 10);
INSERT INTO trail_tags (trail_id, tag_id) VALUES (7, 9);
INSERT INTO trail_tags (trail_id, tag_id) VALUES (7, 8);
INSERT INTO trail_tags (trail_id, tag_id) VALUES (8, 1);
INSERT INTO trail_tags (trail_id, tag_id) VALUES (8, 2);
INSERT INTO trail_tags (trail_id, tag_id) VALUES (8, 3);
INSERT INTO trail_tags (trail_id, tag_id) VALUES (8, 4);
INSERT INTO trail_tags (trail_id, tag_id) VALUES (8, 5);
INSERT INTO trail_tags (trail_id, tag_id) VALUES (8, 6);
INSERT INTO trail_tags (trail_id, tag_id) VALUES (8, 7);
INSERT INTO trail_tags (trail_id, tag_id) VALUES (8, 8);
INSERT INTO trail_tags (trail_id, tag_id) VALUES (8, 9);
INSERT INTO trail_tags (trail_id, tag_id) VALUES (8, 30);
INSERT INTO trail_tags (trail_id, tag_id) VALUES (8, 29);
INSERT INTO trail_tags (trail_id, tag_id) VALUES (8, 28);
INSERT INTO trail_tags (trail_id, tag_id) VALUES (9, 1);
INSERT INTO trail_tags (trail_id, tag_id) VALUES (9, 5);
INSERT INTO trail_tags (trail_id, tag_id) VALUES (9, 9);
INSERT INTO trail_tags (trail_id, tag_id) VALUES (9, 11);
INSERT INTO trail_tags (trail_id, tag_id) VALUES (9, 13);
INSERT INTO trail_tags (trail_id, tag_id) VALUES (9, 17);
INSERT INTO trail_tags (trail_id, tag_id) VALUES (9, 21);
INSERT INTO trail_tags (trail_id, tag_id) VALUES (9, 29);
INSERT INTO trail_tags (trail_id, tag_id) VALUES (9, 30);
INSERT INTO trail_tags (trail_id, tag_id) VALUES (9, 26);
INSERT INTO trail_tags (trail_id, tag_id) VALUES (9, 4);
INSERT INTO trail_tags (trail_id, tag_id) VALUES (9, 2);
INSERT INTO trail_tags (trail_id, tag_id) VALUES (10, 2);
INSERT INTO trail_tags (trail_id, tag_id) VALUES (10, 4);
INSERT INTO trail_tags (trail_id, tag_id) VALUES (10, 6);
INSERT INTO trail_tags (trail_id, tag_id) VALUES (10, 7);
INSERT INTO trail_tags (trail_id, tag_id) VALUES (10, 9);
INSERT INTO trail_tags (trail_id, tag_id) VALUES (10, 11);
INSERT INTO trail_tags (trail_id, tag_id) VALUES (10, 13);
INSERT INTO trail_tags (trail_id, tag_id) VALUES (10, 14);
INSERT INTO trail_tags (trail_id, tag_id) VALUES (10, 29);
INSERT INTO trail_tags (trail_id, tag_id) VALUES (10, 30);
INSERT INTO trail_tags (trail_id, tag_id) VALUES (10, 28);
INSERT INTO trail_tags (trail_id, tag_id) VALUES (10, 22);
INSERT INTO trail_tags (trail_id, tag_id) VALUES (11, 1);
INSERT INTO trail_tags (trail_id, tag_id) VALUES (11, 3);
INSERT INTO trail_tags (trail_id, tag_id) VALUES (11, 2);
INSERT INTO trail_tags (trail_id, tag_id) VALUES (11, 5);
INSERT INTO trail_tags (trail_id, tag_id) VALUES (11, 6);
INSERT INTO trail_tags (trail_id, tag_id) VALUES (11, 9);
INSERT INTO trail_tags (trail_id, tag_id) VALUES (11, 22);
INSERT INTO trail_tags (trail_id, tag_id) VALUES (11, 21);
INSERT INTO trail_tags (trail_id, tag_id) VALUES (11, 30);
INSERT INTO trail_tags (trail_id, tag_id) VALUES (11, 14);
INSERT INTO trail_tags (trail_id, tag_id) VALUES (11, 16);
INSERT INTO trail_tags (trail_id, tag_id) VALUES (11, 18);
INSERT INTO trail_tags (trail_id, tag_id) VALUES (12, 1);
INSERT INTO trail_tags (trail_id, tag_id) VALUES (12, 2);
INSERT INTO trail_tags (trail_id, tag_id) VALUES (12, 3);
INSERT INTO trail_tags (trail_id, tag_id) VALUES (12, 4);
INSERT INTO trail_tags (trail_id, tag_id) VALUES (12, 5);
INSERT INTO trail_tags (trail_id, tag_id) VALUES (12, 6);
INSERT INTO trail_tags (trail_id, tag_id) VALUES (12, 7);
INSERT INTO trail_tags (trail_id, tag_id) VALUES (12, 8);
INSERT INTO trail_tags (trail_id, tag_id) VALUES (12, 9);
INSERT INTO trail_tags (trail_id, tag_id) VALUES (12, 11);
INSERT INTO trail_tags (trail_id, tag_id) VALUES (12, 10);
INSERT INTO trail_tags (trail_id, tag_id) VALUES (12, 14);
INSERT INTO trail_tags (trail_id, tag_id) VALUES (13, 29);
INSERT INTO trail_tags (trail_id, tag_id) VALUES (13, 27);
INSERT INTO trail_tags (trail_id, tag_id) VALUES (13, 25);
INSERT INTO trail_tags (trail_id, tag_id) VALUES (13, 23);
INSERT INTO trail_tags (trail_id, tag_id) VALUES (13, 21);
INSERT INTO trail_tags (trail_id, tag_id) VALUES (13, 19);
INSERT INTO trail_tags (trail_id, tag_id) VALUES (13, 17);
INSERT INTO trail_tags (trail_id, tag_id) VALUES (13, 15);
INSERT INTO trail_tags (trail_id, tag_id) VALUES (13, 13);
INSERT INTO trail_tags (trail_id, tag_id) VALUES (13, 11);
INSERT INTO trail_tags (trail_id, tag_id) VALUES (13, 9);
INSERT INTO trail_tags (trail_id, tag_id) VALUES (13, 1);
INSERT INTO trail_tags (trail_id, tag_id) VALUES (14, 30);
INSERT INTO trail_tags (trail_id, tag_id) VALUES (14, 1);
INSERT INTO trail_tags (trail_id, tag_id) VALUES (14, 28);
INSERT INTO trail_tags (trail_id, tag_id) VALUES (14, 26);
INSERT INTO trail_tags (trail_id, tag_id) VALUES (14, 24);
INSERT INTO trail_tags (trail_id, tag_id) VALUES (14, 22);
INSERT INTO trail_tags (trail_id, tag_id) VALUES (14, 23);
INSERT INTO trail_tags (trail_id, tag_id) VALUES (14, 13);
INSERT INTO trail_tags (trail_id, tag_id) VALUES (14, 12);
INSERT INTO trail_tags (trail_id, tag_id) VALUES (14, 9);
INSERT INTO trail_tags (trail_id, tag_id) VALUES (14, 7);
INSERT INTO trail_tags (trail_id, tag_id) VALUES (14, 4);
INSERT INTO trail_tags (trail_id, tag_id) VALUES (15, 1);
INSERT INTO trail_tags (trail_id, tag_id) VALUES (15, 3);
INSERT INTO trail_tags (trail_id, tag_id) VALUES (15, 5);
INSERT INTO trail_tags (trail_id, tag_id) VALUES (15, 7);
INSERT INTO trail_tags (trail_id, tag_id) VALUES (15, 9);
INSERT INTO trail_tags (trail_id, tag_id) VALUES (15, 11);
INSERT INTO trail_tags (trail_id, tag_id) VALUES (15, 13);
INSERT INTO trail_tags (trail_id, tag_id) VALUES (15, 15);
INSERT INTO trail_tags (trail_id, tag_id) VALUES (15, 17);
INSERT INTO trail_tags (trail_id, tag_id) VALUES (15, 19);
INSERT INTO trail_tags (trail_id, tag_id) VALUES (15, 21);
INSERT INTO trail_tags (trail_id, tag_id) VALUES (15, 23);
INSERT INTO trail_tags (trail_id, tag_id) VALUES (16, 2);
INSERT INTO trail_tags (trail_id, tag_id) VALUES (16, 4);
INSERT INTO trail_tags (trail_id, tag_id) VALUES (16, 6);
INSERT INTO trail_tags (trail_id, tag_id) VALUES (16, 8);
INSERT INTO trail_tags (trail_id, tag_id) VALUES (16, 10);
INSERT INTO trail_tags (trail_id, tag_id) VALUES (16, 12);
INSERT INTO trail_tags (trail_id, tag_id) VALUES (16, 14);
INSERT INTO trail_tags (trail_id, tag_id) VALUES (16, 16);
INSERT INTO trail_tags (trail_id, tag_id) VALUES (16, 18);
INSERT INTO trail_tags (trail_id, tag_id) VALUES (16, 20);
INSERT INTO trail_tags (trail_id, tag_id) VALUES (16, 22);
INSERT INTO trail_tags (trail_id, tag_id) VALUES (16, 24);
INSERT INTO trail_tags (trail_id, tag_id) VALUES (17, 1);
INSERT INTO trail_tags (trail_id, tag_id) VALUES (17, 2);
INSERT INTO trail_tags (trail_id, tag_id) VALUES (17, 4);
INSERT INTO trail_tags (trail_id, tag_id) VALUES (17, 6);
INSERT INTO trail_tags (trail_id, tag_id) VALUES (17, 22);
INSERT INTO trail_tags (trail_id, tag_id) VALUES (17, 14);
INSERT INTO trail_tags (trail_id, tag_id) VALUES (17, 27);
INSERT INTO trail_tags (trail_id, tag_id) VALUES (17, 24);
INSERT INTO trail_tags (trail_id, tag_id) VALUES (17, 30);
INSERT INTO trail_tags (trail_id, tag_id) VALUES (17, 5);
INSERT INTO trail_tags (trail_id, tag_id) VALUES (17, 7);
INSERT INTO trail_tags (trail_id, tag_id) VALUES (17, 12);
INSERT INTO trail_tags (trail_id, tag_id) VALUES (18, 25);
INSERT INTO trail_tags (trail_id, tag_id) VALUES (18, 24);
INSERT INTO trail_tags (trail_id, tag_id) VALUES (18, 23);
INSERT INTO trail_tags (trail_id, tag_id) VALUES (18, 22);
INSERT INTO trail_tags (trail_id, tag_id) VALUES (18, 21);
INSERT INTO trail_tags (trail_id, tag_id) VALUES (18, 20);
INSERT INTO trail_tags (trail_id, tag_id) VALUES (18, 19);
INSERT INTO trail_tags (trail_id, tag_id) VALUES (18, 1);
INSERT INTO trail_tags (trail_id, tag_id) VALUES (18, 2);
INSERT INTO trail_tags (trail_id, tag_id) VALUES (18, 26);
INSERT INTO trail_tags (trail_id, tag_id) VALUES (18, 6);
INSERT INTO trail_tags (trail_id, tag_id) VALUES (18, 4);
INSERT INTO trail_tags (trail_id, tag_id) VALUES (19, 9);
INSERT INTO trail_tags (trail_id, tag_id) VALUES (19, 10);
INSERT INTO trail_tags (trail_id, tag_id) VALUES (19, 11);
INSERT INTO trail_tags (trail_id, tag_id) VALUES (19, 12);
INSERT INTO trail_tags (trail_id, tag_id) VALUES (19, 13);
INSERT INTO trail_tags (trail_id, tag_id) VALUES (19, 14);
INSERT INTO trail_tags (trail_id, tag_id) VALUES (19, 15);
INSERT INTO trail_tags (trail_id, tag_id) VALUES (19, 16);
INSERT INTO trail_tags (trail_id, tag_id) VALUES (19, 17);
INSERT INTO trail_tags (trail_id, tag_id) VALUES (19, 18);
INSERT INTO trail_tags (trail_id, tag_id) VALUES (20, 1);
INSERT INTO trail_tags (trail_id, tag_id) VALUES (20, 2);
INSERT INTO trail_tags (trail_id, tag_id) VALUES (20, 3);
INSERT INTO trail_tags (trail_id, tag_id) VALUES (20, 4);
INSERT INTO trail_tags (trail_id, tag_id) VALUES (20, 5);
INSERT INTO trail_tags (trail_id, tag_id) VALUES (20, 6);
INSERT INTO trail_tags (trail_id, tag_id) VALUES (20, 7);
INSERT INTO trail_tags (trail_id, tag_id) VALUES (20, 8);
INSERT INTO trail_tags (trail_id, tag_id) VALUES (21, 1);
INSERT INTO trail_tags (trail_id, tag_id) VALUES (21, 2);
INSERT INTO trail_tags (trail_id, tag_id) VALUES (21, 3);
INSERT INTO trail_tags (trail_id, tag_id) VALUES (21, 4);
INSERT INTO trail_tags (trail_id, tag_id) VALUES (21, 5);
INSERT INTO trail_tags (trail_id, tag_id) VALUES (21, 6);
INSERT INTO trail_tags (trail_id, tag_id) VALUES (21, 7);
INSERT INTO trail_tags (trail_id, tag_id) VALUES (21, 8);
INSERT INTO trail_tags (trail_id, tag_id) VALUES (21, 9);
INSERT INTO trail_tags (trail_id, tag_id) VALUES (21, 10);
INSERT INTO trail_tags (trail_id, tag_id) VALUES (22, 1);
INSERT INTO trail_tags (trail_id, tag_id) VALUES (22, 2);
INSERT INTO trail_tags (trail_id, tag_id) VALUES (22, 3);
INSERT INTO trail_tags (trail_id, tag_id) VALUES (22, 4);
INSERT INTO trail_tags (trail_id, tag_id) VALUES (22, 5);
INSERT INTO trail_tags (trail_id, tag_id) VALUES (22, 6);
INSERT INTO trail_tags (trail_id, tag_id) VALUES (22, 7);
INSERT INTO trail_tags (trail_id, tag_id) VALUES (22, 8);
INSERT INTO trail_tags (trail_id, tag_id) VALUES (22, 9);
INSERT INTO trail_tags (trail_id, tag_id) VALUES (22, 10);
INSERT INTO trail_tags (trail_id, tag_id) VALUES (23, 1);
INSERT INTO trail_tags (trail_id, tag_id) VALUES (23, 2);
INSERT INTO trail_tags (trail_id, tag_id) VALUES (23, 3);
INSERT INTO trail_tags (trail_id, tag_id) VALUES (23, 4);
INSERT INTO trail_tags (trail_id, tag_id) VALUES (23, 5);
INSERT INTO trail_tags (trail_id, tag_id) VALUES (23, 6);
INSERT INTO trail_tags (trail_id, tag_id) VALUES (23, 7);
INSERT INTO trail_tags (trail_id, tag_id) VALUES (23, 8);
INSERT INTO trail_tags (trail_id, tag_id) VALUES (23, 9);
INSERT INTO trail_tags (trail_id, tag_id) VALUES (23, 10);
INSERT INTO trail_tags (trail_id, tag_id) VALUES (24, 1);
INSERT INTO trail_tags (trail_id, tag_id) VALUES (24, 2);
INSERT INTO trail_tags (trail_id, tag_id) VALUES (24, 3);
INSERT INTO trail_tags (trail_id, tag_id) VALUES (24, 4);
INSERT INTO trail_tags (trail_id, tag_id) VALUES (24, 5);
INSERT INTO trail_tags (trail_id, tag_id) VALUES (24, 6);
INSERT INTO trail_tags (trail_id, tag_id) VALUES (24, 7);
INSERT INTO trail_tags (trail_id, tag_id) VALUES (24, 8);
INSERT INTO trail_tags (trail_id, tag_id) VALUES (24, 9);
INSERT INTO trail_tags (trail_id, tag_id) VALUES (24, 10);
INSERT INTO trail_tags (trail_id, tag_id) VALUES (25, 1);
INSERT INTO trail_tags (trail_id, tag_id) VALUES (25, 2);
INSERT INTO trail_tags (trail_id, tag_id) VALUES (25, 3);
INSERT INTO trail_tags (trail_id, tag_id) VALUES (25, 4);
INSERT INTO trail_tags (trail_id, tag_id) VALUES (25, 5);
INSERT INTO trail_tags (trail_id, tag_id) VALUES (25, 6);
INSERT INTO trail_tags (trail_id, tag_id) VALUES (25, 7);
INSERT INTO trail_tags (trail_id, tag_id) VALUES (25, 8);
INSERT INTO trail_tags (trail_id, tag_id) VALUES (25, 9);
INSERT INTO trail_tags (trail_id, tag_id) VALUES (25, 10);
INSERT INTO trail_tags (trail_id, tag_id) VALUES (26, 1);
INSERT INTO trail_tags (trail_id, tag_id) VALUES (26, 2);
INSERT INTO trail_tags (trail_id, tag_id) VALUES (26, 3);
INSERT INTO trail_tags (trail_id, tag_id) VALUES (26, 4);
INSERT INTO trail_tags (trail_id, tag_id) VALUES (26, 5);
INSERT INTO trail_tags (trail_id, tag_id) VALUES (26, 6);
INSERT INTO trail_tags (trail_id, tag_id) VALUES (26, 7);
INSERT INTO trail_tags (trail_id, tag_id) VALUES (26, 8);
INSERT INTO trail_tags (trail_id, tag_id) VALUES (26, 9);
INSERT INTO trail_tags (trail_id, tag_id) VALUES (26, 10);
INSERT INTO trail_tags (trail_id, tag_id) VALUES (27, 1);
INSERT INTO trail_tags (trail_id, tag_id) VALUES (27, 2);
INSERT INTO trail_tags (trail_id, tag_id) VALUES (27, 3);
INSERT INTO trail_tags (trail_id, tag_id) VALUES (27, 4);
INSERT INTO trail_tags (trail_id, tag_id) VALUES (27, 5);
INSERT INTO trail_tags (trail_id, tag_id) VALUES (27, 6);
INSERT INTO trail_tags (trail_id, tag_id) VALUES (27, 7);
INSERT INTO trail_tags (trail_id, tag_id) VALUES (27, 8);
INSERT INTO trail_tags (trail_id, tag_id) VALUES (27, 9);
INSERT INTO trail_tags (trail_id, tag_id) VALUES (27, 10);
INSERT INTO trail_tags (trail_id, tag_id) VALUES (28, 1);
INSERT INTO trail_tags (trail_id, tag_id) VALUES (28, 2);
INSERT INTO trail_tags (trail_id, tag_id) VALUES (28, 3);
INSERT INTO trail_tags (trail_id, tag_id) VALUES (28, 4);
INSERT INTO trail_tags (trail_id, tag_id) VALUES (28, 5);
INSERT INTO trail_tags (trail_id, tag_id) VALUES (28, 6);
INSERT INTO trail_tags (trail_id, tag_id) VALUES (28, 7);
INSERT INTO trail_tags (trail_id, tag_id) VALUES (28, 8);
INSERT INTO trail_tags (trail_id, tag_id) VALUES (28, 9);
INSERT INTO trail_tags (trail_id, tag_id) VALUES (28, 10);
INSERT INTO trail_tags (trail_id, tag_id) VALUES (29, 1);
INSERT INTO trail_tags (trail_id, tag_id) VALUES (29, 2);
INSERT INTO trail_tags (trail_id, tag_id) VALUES (29, 3);
INSERT INTO trail_tags (trail_id, tag_id) VALUES (29, 4);
INSERT INTO trail_tags (trail_id, tag_id) VALUES (29, 5);
INSERT INTO trail_tags (trail_id, tag_id) VALUES (29, 6);
INSERT INTO trail_tags (trail_id, tag_id) VALUES (29, 7);
INSERT INTO trail_tags (trail_id, tag_id) VALUES (29, 8);
INSERT INTO trail_tags (trail_id, tag_id) VALUES (29, 9);
INSERT INTO trail_tags (trail_id, tag_id) VALUES (29, 10);
INSERT INTO trail_tags (trail_id, tag_id) VALUES (30, 1);
INSERT INTO trail_tags (trail_id, tag_id) VALUES (30, 2);
INSERT INTO trail_tags (trail_id, tag_id) VALUES (30, 3);
INSERT INTO trail_tags (trail_id, tag_id) VALUES (30, 4);
INSERT INTO trail_tags (trail_id, tag_id) VALUES (30, 5);
INSERT INTO trail_tags (trail_id, tag_id) VALUES (30, 6);
INSERT INTO trail_tags (trail_id, tag_id) VALUES (30, 7);
INSERT INTO trail_tags (trail_id, tag_id) VALUES (30, 8);
INSERT INTO trail_tags (trail_id, tag_id) VALUES (30, 9);
INSERT INTO trail_tags (trail_id, tag_id) VALUES (30, 10);
INSERT INTO trail_tags (trail_id, tag_id) VALUES (31, 1);
INSERT INTO trail_tags (trail_id, tag_id) VALUES (31, 2);
INSERT INTO trail_tags (trail_id, tag_id) VALUES (31, 3);
INSERT INTO trail_tags (trail_id, tag_id) VALUES (31, 4);
INSERT INTO trail_tags (trail_id, tag_id) VALUES (31, 5);
INSERT INTO trail_tags (trail_id, tag_id) VALUES (31, 6);
INSERT INTO trail_tags (trail_id, tag_id) VALUES (31, 7);
INSERT INTO trail_tags (trail_id, tag_id) VALUES (31, 8);
INSERT INTO trail_tags (trail_id, tag_id) VALUES (31, 9);
INSERT INTO trail_tags (trail_id, tag_id) VALUES (31, 10);
INSERT INTO trail_tags (trail_id, tag_id) VALUES (32, 1);
INSERT INTO trail_tags (trail_id, tag_id) VALUES (32, 2);
INSERT INTO trail_tags (trail_id, tag_id) VALUES (32, 3);
INSERT INTO trail_tags (trail_id, tag_id) VALUES (32, 4);
INSERT INTO trail_tags (trail_id, tag_id) VALUES (32, 5);
INSERT INTO trail_tags (trail_id, tag_id) VALUES (32, 6);
INSERT INTO trail_tags (trail_id, tag_id) VALUES (32, 7);
INSERT INTO trail_tags (trail_id, tag_id) VALUES (32, 8);
INSERT INTO trail_tags (trail_id, tag_id) VALUES (32, 9);
INSERT INTO trail_tags (trail_id, tag_id) VALUES (32, 10);
INSERT INTO trail_tags (trail_id, tag_id) VALUES (33, 1);
INSERT INTO trail_tags (trail_id, tag_id) VALUES (33, 2);
INSERT INTO trail_tags (trail_id, tag_id) VALUES (33, 3);
INSERT INTO trail_tags (trail_id, tag_id) VALUES (33, 4);
INSERT INTO trail_tags (trail_id, tag_id) VALUES (33, 5);
INSERT INTO trail_tags (trail_id, tag_id) VALUES (33, 6);
INSERT INTO trail_tags (trail_id, tag_id) VALUES (33, 7);
INSERT INTO trail_tags (trail_id, tag_id) VALUES (33, 8);
INSERT INTO trail_tags (trail_id, tag_id) VALUES (33, 9);
INSERT INTO trail_tags (trail_id, tag_id) VALUES (33, 10);
INSERT INTO trail_tags (trail_id, tag_id) VALUES (34, 1);
INSERT INTO trail_tags (trail_id, tag_id) VALUES (34, 2);
INSERT INTO trail_tags (trail_id, tag_id) VALUES (34, 3);
INSERT INTO trail_tags (trail_id, tag_id) VALUES (34, 4);
INSERT INTO trail_tags (trail_id, tag_id) VALUES (34, 5);
INSERT INTO trail_tags (trail_id, tag_id) VALUES (34, 6);
INSERT INTO trail_tags (trail_id, tag_id) VALUES (34, 7);
INSERT INTO trail_tags (trail_id, tag_id) VALUES (34, 8);
INSERT INTO trail_tags (trail_id, tag_id) VALUES (34, 9);
INSERT INTO trail_tags (trail_id, tag_id) VALUES (34, 10);
INSERT INTO trail_tags (trail_id, tag_id) VALUES (35, 1);
INSERT INTO trail_tags (trail_id, tag_id) VALUES (35, 2);
INSERT INTO trail_tags (trail_id, tag_id) VALUES (35, 3);
INSERT INTO trail_tags (trail_id, tag_id) VALUES (35, 4);
INSERT INTO trail_tags (trail_id, tag_id) VALUES (35, 5);
INSERT INTO trail_tags (trail_id, tag_id) VALUES (35, 6);
INSERT INTO trail_tags (trail_id, tag_id) VALUES (35, 7);
INSERT INTO trail_tags (trail_id, tag_id) VALUES (35, 8);
INSERT INTO trail_tags (trail_id, tag_id) VALUES (35, 9);
INSERT INTO trail_tags (trail_id, tag_id) VALUES (35, 10);
INSERT INTO trail_tags (trail_id, tag_id) VALUES (36, 1);
INSERT INTO trail_tags (trail_id, tag_id) VALUES (36, 2);
INSERT INTO trail_tags (trail_id, tag_id) VALUES (36, 3);
INSERT INTO trail_tags (trail_id, tag_id) VALUES (36, 4);
INSERT INTO trail_tags (trail_id, tag_id) VALUES (36, 5);
INSERT INTO trail_tags (trail_id, tag_id) VALUES (36, 6);
INSERT INTO trail_tags (trail_id, tag_id) VALUES (36, 7);
INSERT INTO trail_tags (trail_id, tag_id) VALUES (36, 8);
INSERT INTO trail_tags (trail_id, tag_id) VALUES (36, 9);
INSERT INTO trail_tags (trail_id, tag_id) VALUES (36, 10);
INSERT INTO trail_tags (trail_id, tag_id) VALUES (37, 1);
INSERT INTO trail_tags (trail_id, tag_id) VALUES (37, 2);
INSERT INTO trail_tags (trail_id, tag_id) VALUES (37, 3);
INSERT INTO trail_tags (trail_id, tag_id) VALUES (37, 4);
INSERT INTO trail_tags (trail_id, tag_id) VALUES (37, 5);
INSERT INTO trail_tags (trail_id, tag_id) VALUES (37, 6);
INSERT INTO trail_tags (trail_id, tag_id) VALUES (37, 7);
INSERT INTO trail_tags (trail_id, tag_id) VALUES (37, 8);
INSERT INTO trail_tags (trail_id, tag_id) VALUES (37, 9);
INSERT INTO trail_tags (trail_id, tag_id) VALUES (37, 10);
INSERT INTO trail_tags (trail_id, tag_id) VALUES (38, 1);
INSERT INTO trail_tags (trail_id, tag_id) VALUES (38, 2);
INSERT INTO trail_tags (trail_id, tag_id) VALUES (38, 3);
INSERT INTO trail_tags (trail_id, tag_id) VALUES (38, 4);
INSERT INTO trail_tags (trail_id, tag_id) VALUES (38, 5);
INSERT INTO trail_tags (trail_id, tag_id) VALUES (38, 6);
INSERT INTO trail_tags (trail_id, tag_id) VALUES (38, 7);
INSERT INTO trail_tags (trail_id, tag_id) VALUES (38, 8);
INSERT INTO trail_tags (trail_id, tag_id) VALUES (38, 9);
INSERT INTO trail_tags (trail_id, tag_id) VALUES (38, 10);
INSERT INTO trail_tags (trail_id, tag_id) VALUES (39, 1);
INSERT INTO trail_tags (trail_id, tag_id) VALUES (39, 2);
INSERT INTO trail_tags (trail_id, tag_id) VALUES (39, 3);
INSERT INTO trail_tags (trail_id, tag_id) VALUES (39, 4);
INSERT INTO trail_tags (trail_id, tag_id) VALUES (39, 5);
INSERT INTO trail_tags (trail_id, tag_id) VALUES (39, 6);
INSERT INTO trail_tags (trail_id, tag_id) VALUES (39, 7);
INSERT INTO trail_tags (trail_id, tag_id) VALUES (39, 8);
INSERT INTO trail_tags (trail_id, tag_id) VALUES (39, 9);
INSERT INTO trail_tags (trail_id, tag_id) VALUES (39, 10);
INSERT INTO trail_tags (trail_id, tag_id) VALUES (40, 1);
INSERT INTO trail_tags (trail_id, tag_id) VALUES (40, 2);
INSERT INTO trail_tags (trail_id, tag_id) VALUES (40, 3);
INSERT INTO trail_tags (trail_id, tag_id) VALUES (40, 4);
INSERT INTO trail_tags (trail_id, tag_id) VALUES (40, 5);
INSERT INTO trail_tags (trail_id, tag_id) VALUES (40, 6);
INSERT INTO trail_tags (trail_id, tag_id) VALUES (40, 7);
INSERT INTO trail_tags (trail_id, tag_id) VALUES (40, 8);
INSERT INTO trail_tags (trail_id, tag_id) VALUES (40, 9);
INSERT INTO trail_tags (trail_id, tag_id) VALUES (40, 10);
INSERT INTO trail_tags (trail_id, tag_id) VALUES (41, 1);
INSERT INTO trail_tags (trail_id, tag_id) VALUES (41, 2);
INSERT INTO trail_tags (trail_id, tag_id) VALUES (41, 3);
INSERT INTO trail_tags (trail_id, tag_id) VALUES (41, 4);
INSERT INTO trail_tags (trail_id, tag_id) VALUES (41, 5);
INSERT INTO trail_tags (trail_id, tag_id) VALUES (41, 6);
INSERT INTO trail_tags (trail_id, tag_id) VALUES (41, 7);
INSERT INTO trail_tags (trail_id, tag_id) VALUES (41, 8);
INSERT INTO trail_tags (trail_id, tag_id) VALUES (41, 9);
INSERT INTO trail_tags (trail_id, tag_id) VALUES (41, 10);
INSERT INTO trail_tags (trail_id, tag_id) VALUES (42, 1);
INSERT INTO trail_tags (trail_id, tag_id) VALUES (42, 2);
INSERT INTO trail_tags (trail_id, tag_id) VALUES (42, 3);
INSERT INTO trail_tags (trail_id, tag_id) VALUES (42, 4);
INSERT INTO trail_tags (trail_id, tag_id) VALUES (42, 5);
INSERT INTO trail_tags (trail_id, tag_id) VALUES (42, 6);
INSERT INTO trail_tags (trail_id, tag_id) VALUES (42, 7);
INSERT INTO trail_tags (trail_id, tag_id) VALUES (42, 8);
INSERT INTO trail_tags (trail_id, tag_id) VALUES (42, 9);
INSERT INTO trail_tags (trail_id, tag_id) VALUES (42, 10);
INSERT INTO trail_tags (trail_id, tag_id) VALUES (43, 1);
INSERT INTO trail_tags (trail_id, tag_id) VALUES (43, 2);
INSERT INTO trail_tags (trail_id, tag_id) VALUES (43, 3);
INSERT INTO trail_tags (trail_id, tag_id) VALUES (43, 4);
INSERT INTO trail_tags (trail_id, tag_id) VALUES (43, 5);
INSERT INTO trail_tags (trail_id, tag_id) VALUES (43, 6);
INSERT INTO trail_tags (trail_id, tag_id) VALUES (43, 7);
INSERT INTO trail_tags (trail_id, tag_id) VALUES (43, 8);
INSERT INTO trail_tags (trail_id, tag_id) VALUES (43, 9);
INSERT INTO trail_tags (trail_id, tag_id) VALUES (43, 10);
INSERT INTO trail_tags (trail_id, tag_id) VALUES (44, 1);
INSERT INTO trail_tags (trail_id, tag_id) VALUES (44, 2);
INSERT INTO trail_tags (trail_id, tag_id) VALUES (44, 3);
INSERT INTO trail_tags (trail_id, tag_id) VALUES (44, 4);
INSERT INTO trail_tags (trail_id, tag_id) VALUES (44, 5);
INSERT INTO trail_tags (trail_id, tag_id) VALUES (44, 6);
INSERT INTO trail_tags (trail_id, tag_id) VALUES (44, 7);
INSERT INTO trail_tags (trail_id, tag_id) VALUES (44, 8);
INSERT INTO trail_tags (trail_id, tag_id) VALUES (44, 9);
INSERT INTO trail_tags (trail_id, tag_id) VALUES (44, 10);
INSERT INTO trail_tags (trail_id, tag_id) VALUES (45, 1);
INSERT INTO trail_tags (trail_id, tag_id) VALUES (45, 2);
INSERT INTO trail_tags (trail_id, tag_id) VALUES (45, 3);
INSERT INTO trail_tags (trail_id, tag_id) VALUES (45, 4);
INSERT INTO trail_tags (trail_id, tag_id) VALUES (45, 5);
INSERT INTO trail_tags (trail_id, tag_id) VALUES (45, 6);
INSERT INTO trail_tags (trail_id, tag_id) VALUES (45, 7);
INSERT INTO trail_tags (trail_id, tag_id) VALUES (45, 8);
INSERT INTO trail_tags (trail_id, tag_id) VALUES (45, 9);
INSERT INTO trail_tags (trail_id, tag_id) VALUES (45, 10);
INSERT INTO trail_tags (trail_id, tag_id) VALUES (46, 1);
INSERT INTO trail_tags (trail_id, tag_id) VALUES (46, 2);
INSERT INTO trail_tags (trail_id, tag_id) VALUES (46, 3);
INSERT INTO trail_tags (trail_id, tag_id) VALUES (46, 4);
INSERT INTO trail_tags (trail_id, tag_id) VALUES (46, 5);
INSERT INTO trail_tags (trail_id, tag_id) VALUES (46, 6);
INSERT INTO trail_tags (trail_id, tag_id) VALUES (46, 7);
INSERT INTO trail_tags (trail_id, tag_id) VALUES (46, 8);
INSERT INTO trail_tags (trail_id, tag_id) VALUES (46, 9);
INSERT INTO trail_tags (trail_id, tag_id) VALUES (46, 10);
INSERT INTO trail_tags (trail_id, tag_id) VALUES (47, 1);
INSERT INTO trail_tags (trail_id, tag_id) VALUES (47, 2);
INSERT INTO trail_tags (trail_id, tag_id) VALUES (47, 3);
INSERT INTO trail_tags (trail_id, tag_id) VALUES (47, 4);
INSERT INTO trail_tags (trail_id, tag_id) VALUES (47, 5);
INSERT INTO trail_tags (trail_id, tag_id) VALUES (47, 6);
INSERT INTO trail_tags (trail_id, tag_id) VALUES (47, 7);
INSERT INTO trail_tags (trail_id, tag_id) VALUES (47, 8);
INSERT INTO trail_tags (trail_id, tag_id) VALUES (47, 9);
INSERT INTO trail_tags (trail_id, tag_id) VALUES (47, 10);
INSERT INTO trail_tags (trail_id, tag_id) VALUES (48, 1);
INSERT INTO trail_tags (trail_id, tag_id) VALUES (48, 2);
INSERT INTO trail_tags (trail_id, tag_id) VALUES (48, 3);
INSERT INTO trail_tags (trail_id, tag_id) VALUES (48, 4);
INSERT INTO trail_tags (trail_id, tag_id) VALUES (48, 5);
INSERT INTO trail_tags (trail_id, tag_id) VALUES (48, 6);
INSERT INTO trail_tags (trail_id, tag_id) VALUES (48, 7);
INSERT INTO trail_tags (trail_id, tag_id) VALUES (48, 8);
INSERT INTO trail_tags (trail_id, tag_id) VALUES (48, 9);
INSERT INTO trail_tags (trail_id, tag_id) VALUES (48, 10);
INSERT INTO trail_tags (trail_id, tag_id) VALUES (49, 1);
INSERT INTO trail_tags (trail_id, tag_id) VALUES (49, 2);
INSERT INTO trail_tags (trail_id, tag_id) VALUES (49, 3);
INSERT INTO trail_tags (trail_id, tag_id) VALUES (49, 4);
INSERT INTO trail_tags (trail_id, tag_id) VALUES (49, 5);
INSERT INTO trail_tags (trail_id, tag_id) VALUES (49, 6);
INSERT INTO trail_tags (trail_id, tag_id) VALUES (49, 7);
INSERT INTO trail_tags (trail_id, tag_id) VALUES (49, 8);
INSERT INTO trail_tags (trail_id, tag_id) VALUES (49, 9);
INSERT INTO trail_tags (trail_id, tag_id) VALUES (49, 10);
INSERT INTO trail_tags (trail_id, tag_id) VALUES (50, 1);
INSERT INTO trail_tags (trail_id, tag_id) VALUES (50, 2);
INSERT INTO trail_tags (trail_id, tag_id) VALUES (50, 3);
INSERT INTO trail_tags (trail_id, tag_id) VALUES (50, 4);
INSERT INTO trail_tags (trail_id, tag_id) VALUES (50, 5);
INSERT INTO trail_tags (trail_id, tag_id) VALUES (50, 6);
INSERT INTO trail_tags (trail_id, tag_id) VALUES (50, 7);
INSERT INTO trail_tags (trail_id, tag_id) VALUES (50, 8);
INSERT INTO trail_tags (trail_id, tag_id) VALUES (50, 9);
INSERT INTO trail_tags (trail_id, tag_id) VALUES (50, 10);
INSERT INTO trail_tags (trail_id, tag_id) VALUES (51, 1);
INSERT INTO trail_tags (trail_id, tag_id) VALUES (51, 2);
INSERT INTO trail_tags (trail_id, tag_id) VALUES (51, 3);
INSERT INTO trail_tags (trail_id, tag_id) VALUES (51, 4);
INSERT INTO trail_tags (trail_id, tag_id) VALUES (51, 5);
INSERT INTO trail_tags (trail_id, tag_id) VALUES (51, 6);
INSERT INTO trail_tags (trail_id, tag_id) VALUES (51, 7);
INSERT INTO trail_tags (trail_id, tag_id) VALUES (51, 8);
INSERT INTO trail_tags (trail_id, tag_id) VALUES (51, 9);
INSERT INTO trail_tags (trail_id, tag_id) VALUES (51, 10);
INSERT INTO trail_tags (trail_id, tag_id) VALUES (52, 1);
INSERT INTO trail_tags (trail_id, tag_id) VALUES (52, 2);
INSERT INTO trail_tags (trail_id, tag_id) VALUES (52, 3);
INSERT INTO trail_tags (trail_id, tag_id) VALUES (52, 4);
INSERT INTO trail_tags (trail_id, tag_id) VALUES (52, 5);
INSERT INTO trail_tags (trail_id, tag_id) VALUES (52, 6);
INSERT INTO trail_tags (trail_id, tag_id) VALUES (52, 7);
INSERT INTO trail_tags (trail_id, tag_id) VALUES (52, 8);
INSERT INTO trail_tags (trail_id, tag_id) VALUES (52, 9);
INSERT INTO trail_tags (trail_id, tag_id) VALUES (52, 10);
INSERT INTO trail_tags (trail_id, tag_id) VALUES (53, 1);
INSERT INTO trail_tags (trail_id, tag_id) VALUES (53, 2);
INSERT INTO trail_tags (trail_id, tag_id) VALUES (53, 3);
INSERT INTO trail_tags (trail_id, tag_id) VALUES (53, 4);
INSERT INTO trail_tags (trail_id, tag_id) VALUES (53, 5);
INSERT INTO trail_tags (trail_id, tag_id) VALUES (53, 6);
INSERT INTO trail_tags (trail_id, tag_id) VALUES (53, 7);
INSERT INTO trail_tags (trail_id, tag_id) VALUES (53, 8);
INSERT INTO trail_tags (trail_id, tag_id) VALUES (53, 9);
INSERT INTO trail_tags (trail_id, tag_id) VALUES (53, 10);
INSERT INTO trail_tags (trail_id, tag_id) VALUES (54, 1);
INSERT INTO trail_tags (trail_id, tag_id) VALUES (54, 2);
INSERT INTO trail_tags (trail_id, tag_id) VALUES (54, 3);
INSERT INTO trail_tags (trail_id, tag_id) VALUES (54, 4);
INSERT INTO trail_tags (trail_id, tag_id) VALUES (54, 5);
INSERT INTO trail_tags (trail_id, tag_id) VALUES (54, 6);
INSERT INTO trail_tags (trail_id, tag_id) VALUES (54, 7);
INSERT INTO trail_tags (trail_id, tag_id) VALUES (54, 8);
INSERT INTO trail_tags (trail_id, tag_id) VALUES (54, 9);
INSERT INTO trail_tags (trail_id, tag_id) VALUES (54, 10);
INSERT INTO trail_tags (trail_id, tag_id) VALUES (55, 1);
INSERT INTO trail_tags (trail_id, tag_id) VALUES (55, 2);
INSERT INTO trail_tags (trail_id, tag_id) VALUES (55, 3);
INSERT INTO trail_tags (trail_id, tag_id) VALUES (55, 4);
INSERT INTO trail_tags (trail_id, tag_id) VALUES (55, 5);
INSERT INTO trail_tags (trail_id, tag_id) VALUES (55, 6);
INSERT INTO trail_tags (trail_id, tag_id) VALUES (55, 7);
INSERT INTO trail_tags (trail_id, tag_id) VALUES (55, 8);
INSERT INTO trail_tags (trail_id, tag_id) VALUES (55, 9);
INSERT INTO trail_tags (trail_id, tag_id) VALUES (55, 10);
INSERT INTO trail_tags (trail_id, tag_id) VALUES (56, 1);
INSERT INTO trail_tags (trail_id, tag_id) VALUES (56, 2);
INSERT INTO trail_tags (trail_id, tag_id) VALUES (56, 3);
INSERT INTO trail_tags (trail_id, tag_id) VALUES (56, 4);
INSERT INTO trail_tags (trail_id, tag_id) VALUES (56, 5);
INSERT INTO trail_tags (trail_id, tag_id) VALUES (56, 6);
INSERT INTO trail_tags (trail_id, tag_id) VALUES (56, 7);
INSERT INTO trail_tags (trail_id, tag_id) VALUES (56, 8);
INSERT INTO trail_tags (trail_id, tag_id) VALUES (56, 9);
INSERT INTO trail_tags (trail_id, tag_id) VALUES (56, 10);
INSERT INTO trail_tags (trail_id, tag_id) VALUES (57, 1);
INSERT INTO trail_tags (trail_id, tag_id) VALUES (57, 2);
INSERT INTO trail_tags (trail_id, tag_id) VALUES (57, 3);
INSERT INTO trail_tags (trail_id, tag_id) VALUES (57, 4);
INSERT INTO trail_tags (trail_id, tag_id) VALUES (57, 5);
INSERT INTO trail_tags (trail_id, tag_id) VALUES (57, 6);
INSERT INTO trail_tags (trail_id, tag_id) VALUES (57, 7);
INSERT INTO trail_tags (trail_id, tag_id) VALUES (57, 8);
INSERT INTO trail_tags (trail_id, tag_id) VALUES (57, 9);
INSERT INTO trail_tags (trail_id, tag_id) VALUES (57, 10);
INSERT INTO trail_tags (trail_id, tag_id) VALUES (58, 1);
INSERT INTO trail_tags (trail_id, tag_id) VALUES (58, 2);
INSERT INTO trail_tags (trail_id, tag_id) VALUES (58, 3);
INSERT INTO trail_tags (trail_id, tag_id) VALUES (58, 4);
INSERT INTO trail_tags (trail_id, tag_id) VALUES (58, 5);
INSERT INTO trail_tags (trail_id, tag_id) VALUES (58, 6);
INSERT INTO trail_tags (trail_id, tag_id) VALUES (58, 7);
INSERT INTO trail_tags (trail_id, tag_id) VALUES (58, 8);
INSERT INTO trail_tags (trail_id, tag_id) VALUES (58, 9);
INSERT INTO trail_tags (trail_id, tag_id) VALUES (58, 10);
INSERT INTO trail_tags (trail_id, tag_id) VALUES (59, 1);
INSERT INTO trail_tags (trail_id, tag_id) VALUES (59, 2);
INSERT INTO trail_tags (trail_id, tag_id) VALUES (59, 3);
INSERT INTO trail_tags (trail_id, tag_id) VALUES (59, 4);
INSERT INTO trail_tags (trail_id, tag_id) VALUES (59, 5);
INSERT INTO trail_tags (trail_id, tag_id) VALUES (59, 6);
INSERT INTO trail_tags (trail_id, tag_id) VALUES (59, 7);
INSERT INTO trail_tags (trail_id, tag_id) VALUES (59, 8);
INSERT INTO trail_tags (trail_id, tag_id) VALUES (59, 9);
INSERT INTO trail_tags (trail_id, tag_id) VALUES (59, 10);
INSERT INTO trail_tags (trail_id, tag_id) VALUES (60, 1);
INSERT INTO trail_tags (trail_id, tag_id) VALUES (60, 2);
INSERT INTO trail_tags (trail_id, tag_id) VALUES (60, 3);
INSERT INTO trail_tags (trail_id, tag_id) VALUES (60, 4);
INSERT INTO trail_tags (trail_id, tag_id) VALUES (60, 5);
INSERT INTO trail_tags (trail_id, tag_id) VALUES (60, 6);
INSERT INTO trail_tags (trail_id, tag_id) VALUES (60, 7);
INSERT INTO trail_tags (trail_id, tag_id) VALUES (60, 8);
INSERT INTO trail_tags (trail_id, tag_id) VALUES (60, 9);
INSERT INTO trail_tags (trail_id, tag_id) VALUES (60, 10);
INSERT INTO trail_tags (trail_id, tag_id) VALUES (61, 1);
INSERT INTO trail_tags (trail_id, tag_id) VALUES (61, 2);
INSERT INTO trail_tags (trail_id, tag_id) VALUES (61, 3);
INSERT INTO trail_tags (trail_id, tag_id) VALUES (61, 4);
INSERT INTO trail_tags (trail_id, tag_id) VALUES (61, 5);
INSERT INTO trail_tags (trail_id, tag_id) VALUES (61, 6);
INSERT INTO trail_tags (trail_id, tag_id) VALUES (61, 7);
INSERT INTO trail_tags (trail_id, tag_id) VALUES (61, 8);
INSERT INTO trail_tags (trail_id, tag_id) VALUES (61, 9);
INSERT INTO trail_tags (trail_id, tag_id) VALUES (61, 10);
INSERT INTO trail_tags (trail_id, tag_id) VALUES (62, 1);
INSERT INTO trail_tags (trail_id, tag_id) VALUES (62, 2);
INSERT INTO trail_tags (trail_id, tag_id) VALUES (62, 3);
INSERT INTO trail_tags (trail_id, tag_id) VALUES (62, 4);
INSERT INTO trail_tags (trail_id, tag_id) VALUES (62, 5);
INSERT INTO trail_tags (trail_id, tag_id) VALUES (62, 6);
INSERT INTO trail_tags (trail_id, tag_id) VALUES (62, 7);
INSERT INTO trail_tags (trail_id, tag_id) VALUES (62, 8);
INSERT INTO trail_tags (trail_id, tag_id) VALUES (62, 9);
INSERT INTO trail_tags (trail_id, tag_id) VALUES (62, 10);
INSERT INTO trail_tags (trail_id, tag_id) VALUES (63, 1);
INSERT INTO trail_tags (trail_id, tag_id) VALUES (63, 2);
INSERT INTO trail_tags (trail_id, tag_id) VALUES (63, 3);
INSERT INTO trail_tags (trail_id, tag_id) VALUES (63, 4);
INSERT INTO trail_tags (trail_id, tag_id) VALUES (63, 5);
INSERT INTO trail_tags (trail_id, tag_id) VALUES (63, 6);
INSERT INTO trail_tags (trail_id, tag_id) VALUES (63, 7);
INSERT INTO trail_tags (trail_id, tag_id) VALUES (63, 8);
INSERT INTO trail_tags (trail_id, tag_id) VALUES (63, 9);
INSERT INTO trail_tags (trail_id, tag_id) VALUES (63, 10);
INSERT INTO trail_tags (trail_id, tag_id) VALUES (64, 1);
INSERT INTO trail_tags (trail_id, tag_id) VALUES (64, 2);
INSERT INTO trail_tags (trail_id, tag_id) VALUES (64, 3);
INSERT INTO trail_tags (trail_id, tag_id) VALUES (64, 4);
INSERT INTO trail_tags (trail_id, tag_id) VALUES (64, 5);
INSERT INTO trail_tags (trail_id, tag_id) VALUES (64, 6);
INSERT INTO trail_tags (trail_id, tag_id) VALUES (64, 7);
INSERT INTO trail_tags (trail_id, tag_id) VALUES (64, 8);
INSERT INTO trail_tags (trail_id, tag_id) VALUES (64, 9);
INSERT INTO trail_tags (trail_id, tag_id) VALUES (64, 10);
INSERT INTO trail_tags (trail_id, tag_id) VALUES (65, 1);
INSERT INTO trail_tags (trail_id, tag_id) VALUES (65, 2);
INSERT INTO trail_tags (trail_id, tag_id) VALUES (65, 3);
INSERT INTO trail_tags (trail_id, tag_id) VALUES (65, 4);
INSERT INTO trail_tags (trail_id, tag_id) VALUES (65, 5);
INSERT INTO trail_tags (trail_id, tag_id) VALUES (65, 6);
INSERT INTO trail_tags (trail_id, tag_id) VALUES (65, 7);
INSERT INTO trail_tags (trail_id, tag_id) VALUES (65, 8);
INSERT INTO trail_tags (trail_id, tag_id) VALUES (65, 9);
INSERT INTO trail_tags (trail_id, tag_id) VALUES (65, 10);
INSERT INTO trail_tags (trail_id, tag_id) VALUES (66, 1);
INSERT INTO trail_tags (trail_id, tag_id) VALUES (66, 2);
INSERT INTO trail_tags (trail_id, tag_id) VALUES (66, 3);
INSERT INTO trail_tags (trail_id, tag_id) VALUES (66, 4);
INSERT INTO trail_tags (trail_id, tag_id) VALUES (66, 5);
INSERT INTO trail_tags (trail_id, tag_id) VALUES (66, 6);
INSERT INTO trail_tags (trail_id, tag_id) VALUES (66, 7);
INSERT INTO trail_tags (trail_id, tag_id) VALUES (66, 8);
INSERT INTO trail_tags (trail_id, tag_id) VALUES (66, 9);
INSERT INTO trail_tags (trail_id, tag_id) VALUES (66, 10);
INSERT INTO trail_tags (trail_id, tag_id) VALUES (67, 1);
INSERT INTO trail_tags (trail_id, tag_id) VALUES (67, 2);
INSERT INTO trail_tags (trail_id, tag_id) VALUES (67, 3);
INSERT INTO trail_tags (trail_id, tag_id) VALUES (67, 4);
INSERT INTO trail_tags (trail_id, tag_id) VALUES (67, 5);
INSERT INTO trail_tags (trail_id, tag_id) VALUES (67, 6);
INSERT INTO trail_tags (trail_id, tag_id) VALUES (67, 7);
INSERT INTO trail_tags (trail_id, tag_id) VALUES (67, 8);
INSERT INTO trail_tags (trail_id, tag_id) VALUES (67, 9);
INSERT INTO trail_tags (trail_id, tag_id) VALUES (67, 10);
INSERT INTO trail_tags (trail_id, tag_id) VALUES (68, 1);
INSERT INTO trail_tags (trail_id, tag_id) VALUES (68, 2);
INSERT INTO trail_tags (trail_id, tag_id) VALUES (68, 3);
INSERT INTO trail_tags (trail_id, tag_id) VALUES (68, 4);
INSERT INTO trail_tags (trail_id, tag_id) VALUES (68, 5);
INSERT INTO trail_tags (trail_id, tag_id) VALUES (68, 6);
INSERT INTO trail_tags (trail_id, tag_id) VALUES (68, 7);
INSERT INTO trail_tags (trail_id, tag_id) VALUES (68, 8);
INSERT INTO trail_tags (trail_id, tag_id) VALUES (68, 9);
INSERT INTO trail_tags (trail_id, tag_id) VALUES (68, 10);
INSERT INTO trail_tags (trail_id, tag_id) VALUES (69, 1);
INSERT INTO trail_tags (trail_id, tag_id) VALUES (69, 2);
INSERT INTO trail_tags (trail_id, tag_id) VALUES (69, 3);
INSERT INTO trail_tags (trail_id, tag_id) VALUES (69, 4);
INSERT INTO trail_tags (trail_id, tag_id) VALUES (69, 5);
INSERT INTO trail_tags (trail_id, tag_id) VALUES (69, 6);
INSERT INTO trail_tags (trail_id, tag_id) VALUES (69, 7);
INSERT INTO trail_tags (trail_id, tag_id) VALUES (69, 8);
INSERT INTO trail_tags (trail_id, tag_id) VALUES (69, 9);
INSERT INTO trail_tags (trail_id, tag_id) VALUES (69, 10);
INSERT INTO trail_tags (trail_id, tag_id) VALUES (70, 1);
INSERT INTO trail_tags (trail_id, tag_id) VALUES (70, 2);
INSERT INTO trail_tags (trail_id, tag_id) VALUES (70, 3);
INSERT INTO trail_tags (trail_id, tag_id) VALUES (70, 4);
INSERT INTO trail_tags (trail_id, tag_id) VALUES (70, 5);
INSERT INTO trail_tags (trail_id, tag_id) VALUES (70, 6);
INSERT INTO trail_tags (trail_id, tag_id) VALUES (70, 7);
INSERT INTO trail_tags (trail_id, tag_id) VALUES (70, 8);
INSERT INTO trail_tags (trail_id, tag_id) VALUES (70, 9);
INSERT INTO trail_tags (trail_id, tag_id) VALUES (70, 10);
INSERT INTO trail_tags (trail_id, tag_id) VALUES (71, 1);
INSERT INTO trail_tags (trail_id, tag_id) VALUES (71, 2);
INSERT INTO trail_tags (trail_id, tag_id) VALUES (71, 3);
INSERT INTO trail_tags (trail_id, tag_id) VALUES (71, 4);
INSERT INTO trail_tags (trail_id, tag_id) VALUES (71, 5);
INSERT INTO trail_tags (trail_id, tag_id) VALUES (71, 6);
INSERT INTO trail_tags (trail_id, tag_id) VALUES (71, 7);
INSERT INTO trail_tags (trail_id, tag_id) VALUES (71, 8);
INSERT INTO trail_tags (trail_id, tag_id) VALUES (71, 9);
INSERT INTO trail_tags (trail_id, tag_id) VALUES (71, 10);
INSERT INTO trail_tags (trail_id, tag_id) VALUES (72, 1);
INSERT INTO trail_tags (trail_id, tag_id) VALUES (72, 2);
INSERT INTO trail_tags (trail_id, tag_id) VALUES (72, 3);
INSERT INTO trail_tags (trail_id, tag_id) VALUES (72, 4);
INSERT INTO trail_tags (trail_id, tag_id) VALUES (72, 5);
INSERT INTO trail_tags (trail_id, tag_id) VALUES (72, 6);
INSERT INTO trail_tags (trail_id, tag_id) VALUES (72, 7);
INSERT INTO trail_tags (trail_id, tag_id) VALUES (72, 8);
INSERT INTO trail_tags (trail_id, tag_id) VALUES (72, 9);
INSERT INTO trail_tags (trail_id, tag_id) VALUES (72, 10);
INSERT INTO trail_tags (trail_id, tag_id) VALUES (73, 1);
INSERT INTO trail_tags (trail_id, tag_id) VALUES (73, 2);
INSERT INTO trail_tags (trail_id, tag_id) VALUES (73, 3);
INSERT INTO trail_tags (trail_id, tag_id) VALUES (73, 4);
INSERT INTO trail_tags (trail_id, tag_id) VALUES (73, 5);
INSERT INTO trail_tags (trail_id, tag_id) VALUES (73, 6);
INSERT INTO trail_tags (trail_id, tag_id) VALUES (73, 7);
INSERT INTO trail_tags (trail_id, tag_id) VALUES (73, 8);
INSERT INTO trail_tags (trail_id, tag_id) VALUES (73, 9);
INSERT INTO trail_tags (trail_id, tag_id) VALUES (73, 10);
INSERT INTO trail_tags (trail_id, tag_id) VALUES (74, 1);
INSERT INTO trail_tags (trail_id, tag_id) VALUES (74, 2);
INSERT INTO trail_tags (trail_id, tag_id) VALUES (74, 3);
INSERT INTO trail_tags (trail_id, tag_id) VALUES (74, 4);
INSERT INTO trail_tags (trail_id, tag_id) VALUES (74, 5);
INSERT INTO trail_tags (trail_id, tag_id) VALUES (74, 6);
INSERT INTO trail_tags (trail_id, tag_id) VALUES (74, 7);
INSERT INTO trail_tags (trail_id, tag_id) VALUES (74, 8);
INSERT INTO trail_tags (trail_id, tag_id) VALUES (74, 9);
INSERT INTO trail_tags (trail_id, tag_id) VALUES (74, 10);
INSERT INTO trail_tags (trail_id, tag_id) VALUES (75, 1);
INSERT INTO trail_tags (trail_id, tag_id) VALUES (75, 2);
INSERT INTO trail_tags (trail_id, tag_id) VALUES (75, 3);
INSERT INTO trail_tags (trail_id, tag_id) VALUES (75, 4);
INSERT INTO trail_tags (trail_id, tag_id) VALUES (75, 5);
INSERT INTO trail_tags (trail_id, tag_id) VALUES (75, 6);
INSERT INTO trail_tags (trail_id, tag_id) VALUES (75, 7);
INSERT INTO trail_tags (trail_id, tag_id) VALUES (75, 8);
INSERT INTO trail_tags (trail_id, tag_id) VALUES (75, 9);
INSERT INTO trail_tags (trail_id, tag_id) VALUES (75, 10);
INSERT INTO trail_tags (trail_id, tag_id) VALUES (76, 1);
INSERT INTO trail_tags (trail_id, tag_id) VALUES (76, 2);
INSERT INTO trail_tags (trail_id, tag_id) VALUES (76, 3);
INSERT INTO trail_tags (trail_id, tag_id) VALUES (76, 4);
INSERT INTO trail_tags (trail_id, tag_id) VALUES (76, 5);
INSERT INTO trail_tags (trail_id, tag_id) VALUES (76, 6);
INSERT INTO trail_tags (trail_id, tag_id) VALUES (76, 7);
INSERT INTO trail_tags (trail_id, tag_id) VALUES (76, 8);
INSERT INTO trail_tags (trail_id, tag_id) VALUES (76, 9);
INSERT INTO trail_tags (trail_id, tag_id) VALUES (76, 10);
INSERT INTO trail_tags (trail_id, tag_id) VALUES (77, 1);
INSERT INTO trail_tags (trail_id, tag_id) VALUES (77, 2);
INSERT INTO trail_tags (trail_id, tag_id) VALUES (77, 3);
INSERT INTO trail_tags (trail_id, tag_id) VALUES (77, 4);
INSERT INTO trail_tags (trail_id, tag_id) VALUES (77, 5);
INSERT INTO trail_tags (trail_id, tag_id) VALUES (77, 6);
INSERT INTO trail_tags (trail_id, tag_id) VALUES (77, 7);
INSERT INTO trail_tags (trail_id, tag_id) VALUES (77, 8);
INSERT INTO trail_tags (trail_id, tag_id) VALUES (77, 9);
INSERT INTO trail_tags (trail_id, tag_id) VALUES (77, 10);
INSERT INTO trail_tags (trail_id, tag_id) VALUES (78, 1);
INSERT INTO trail_tags (trail_id, tag_id) VALUES (78, 2);
INSERT INTO trail_tags (trail_id, tag_id) VALUES (78, 3);
INSERT INTO trail_tags (trail_id, tag_id) VALUES (78, 4);
INSERT INTO trail_tags (trail_id, tag_id) VALUES (78, 5);
INSERT INTO trail_tags (trail_id, tag_id) VALUES (78, 6);
INSERT INTO trail_tags (trail_id, tag_id) VALUES (78, 7);
INSERT INTO trail_tags (trail_id, tag_id) VALUES (78, 8);
INSERT INTO trail_tags (trail_id, tag_id) VALUES (78, 9);
INSERT INTO trail_tags (trail_id, tag_id) VALUES (78, 10);
INSERT INTO trail_tags (trail_id, tag_id) VALUES (79, 1);
INSERT INTO trail_tags (trail_id, tag_id) VALUES (79, 2);
INSERT INTO trail_tags (trail_id, tag_id) VALUES (79, 3);
INSERT INTO trail_tags (trail_id, tag_id) VALUES (79, 4);
INSERT INTO trail_tags (trail_id, tag_id) VALUES (79, 5);
INSERT INTO trail_tags (trail_id, tag_id) VALUES (79, 6);
INSERT INTO trail_tags (trail_id, tag_id) VALUES (79, 7);
INSERT INTO trail_tags (trail_id, tag_id) VALUES (79, 8);
INSERT INTO trail_tags (trail_id, tag_id) VALUES (79, 9);
INSERT INTO trail_tags (trail_id, tag_id) VALUES (79, 10);
INSERT INTO trail_tags (trail_id, tag_id) VALUES (80, 1);
INSERT INTO trail_tags (trail_id, tag_id) VALUES (80, 2);
INSERT INTO trail_tags (trail_id, tag_id) VALUES (80, 3);
INSERT INTO trail_tags (trail_id, tag_id) VALUES (80, 4);
INSERT INTO trail_tags (trail_id, tag_id) VALUES (80, 5);
INSERT INTO trail_tags (trail_id, tag_id) VALUES (80, 6);
INSERT INTO trail_tags (trail_id, tag_id) VALUES (80, 7);
INSERT INTO trail_tags (trail_id, tag_id) VALUES (80, 8);
INSERT INTO trail_tags (trail_id, tag_id) VALUES (80, 9);
INSERT INTO trail_tags (trail_id, tag_id) VALUES (80, 10);
INSERT INTO trail_tags (trail_id, tag_id) VALUES (81, 1);
INSERT INTO trail_tags (trail_id, tag_id) VALUES (81, 2);
INSERT INTO trail_tags (trail_id, tag_id) VALUES (81, 3);
INSERT INTO trail_tags (trail_id, tag_id) VALUES (81, 4);
INSERT INTO trail_tags (trail_id, tag_id) VALUES (81, 5);
INSERT INTO trail_tags (trail_id, tag_id) VALUES (81, 6);
INSERT INTO trail_tags (trail_id, tag_id) VALUES (81, 7);
INSERT INTO trail_tags (trail_id, tag_id) VALUES (81, 8);
INSERT INTO trail_tags (trail_id, tag_id) VALUES (81, 9);
INSERT INTO trail_tags (trail_id, tag_id) VALUES (81, 10);
INSERT INTO trail_tags (trail_id, tag_id) VALUES (82, 1);
INSERT INTO trail_tags (trail_id, tag_id) VALUES (82, 2);
INSERT INTO trail_tags (trail_id, tag_id) VALUES (82, 3);
INSERT INTO trail_tags (trail_id, tag_id) VALUES (82, 4);
INSERT INTO trail_tags (trail_id, tag_id) VALUES (82, 5);
INSERT INTO trail_tags (trail_id, tag_id) VALUES (82, 6);
INSERT INTO trail_tags (trail_id, tag_id) VALUES (82, 7);
INSERT INTO trail_tags (trail_id, tag_id) VALUES (82, 8);
INSERT INTO trail_tags (trail_id, tag_id) VALUES (82, 9);
INSERT INTO trail_tags (trail_id, tag_id) VALUES (82, 10);
INSERT INTO trail_tags (trail_id, tag_id) VALUES (83, 1);
INSERT INTO trail_tags (trail_id, tag_id) VALUES (83, 2);
INSERT INTO trail_tags (trail_id, tag_id) VALUES (83, 3);
INSERT INTO trail_tags (trail_id, tag_id) VALUES (83, 4);
INSERT INTO trail_tags (trail_id, tag_id) VALUES (83, 5);
INSERT INTO trail_tags (trail_id, tag_id) VALUES (83, 6);
INSERT INTO trail_tags (trail_id, tag_id) VALUES (83, 7);
INSERT INTO trail_tags (trail_id, tag_id) VALUES (83, 8);
INSERT INTO trail_tags (trail_id, tag_id) VALUES (83, 9);
INSERT INTO trail_tags (trail_id, tag_id) VALUES (83, 10);
INSERT INTO trail_tags (trail_id, tag_id) VALUES (84, 1);
INSERT INTO trail_tags (trail_id, tag_id) VALUES (84, 2);
INSERT INTO trail_tags (trail_id, tag_id) VALUES (84, 3);
INSERT INTO trail_tags (trail_id, tag_id) VALUES (84, 4);
INSERT INTO trail_tags (trail_id, tag_id) VALUES (84, 5);
INSERT INTO trail_tags (trail_id, tag_id) VALUES (84, 6);
INSERT INTO trail_tags (trail_id, tag_id) VALUES (84, 7);
INSERT INTO trail_tags (trail_id, tag_id) VALUES (84, 8);
INSERT INTO trail_tags (trail_id, tag_id) VALUES (84, 9);
INSERT INTO trail_tags (trail_id, tag_id) VALUES (84, 10);
INSERT INTO trail_tags (trail_id, tag_id) VALUES (85, 1);
INSERT INTO trail_tags (trail_id, tag_id) VALUES (85, 2);
INSERT INTO trail_tags (trail_id, tag_id) VALUES (85, 3);
INSERT INTO trail_tags (trail_id, tag_id) VALUES (85, 4);
INSERT INTO trail_tags (trail_id, tag_id) VALUES (85, 5);
INSERT INTO trail_tags (trail_id, tag_id) VALUES (85, 6);
INSERT INTO trail_tags (trail_id, tag_id) VALUES (85, 7);
INSERT INTO trail_tags (trail_id, tag_id) VALUES (85, 8);
INSERT INTO trail_tags (trail_id, tag_id) VALUES (85, 9);
INSERT INTO trail_tags (trail_id, tag_id) VALUES (85, 10);
INSERT INTO trail_tags (trail_id, tag_id) VALUES (86, 1);
INSERT INTO trail_tags (trail_id, tag_id) VALUES (86, 2);
INSERT INTO trail_tags (trail_id, tag_id) VALUES (86, 3);
INSERT INTO trail_tags (trail_id, tag_id) VALUES (86, 4);
INSERT INTO trail_tags (trail_id, tag_id) VALUES (86, 5);
INSERT INTO trail_tags (trail_id, tag_id) VALUES (86, 6);
INSERT INTO trail_tags (trail_id, tag_id) VALUES (86, 7);
INSERT INTO trail_tags (trail_id, tag_id) VALUES (86, 8);
INSERT INTO trail_tags (trail_id, tag_id) VALUES (86, 9);
INSERT INTO trail_tags (trail_id, tag_id) VALUES (86, 10);
INSERT INTO trail_tags (trail_id, tag_id) VALUES (87, 1);
INSERT INTO trail_tags (trail_id, tag_id) VALUES (87, 2);
INSERT INTO trail_tags (trail_id, tag_id) VALUES (87, 3);
INSERT INTO trail_tags (trail_id, tag_id) VALUES (87, 4);
INSERT INTO trail_tags (trail_id, tag_id) VALUES (87, 5);
INSERT INTO trail_tags (trail_id, tag_id) VALUES (87, 6);
INSERT INTO trail_tags (trail_id, tag_id) VALUES (87, 7);
INSERT INTO trail_tags (trail_id, tag_id) VALUES (87, 8);
INSERT INTO trail_tags (trail_id, tag_id) VALUES (87, 9);
INSERT INTO trail_tags (trail_id, tag_id) VALUES (87, 10);
INSERT INTO trail_tags (trail_id, tag_id) VALUES (88, 1);
INSERT INTO trail_tags (trail_id, tag_id) VALUES (88, 2);
INSERT INTO trail_tags (trail_id, tag_id) VALUES (88, 3);
INSERT INTO trail_tags (trail_id, tag_id) VALUES (88, 4);
INSERT INTO trail_tags (trail_id, tag_id) VALUES (88, 5);
INSERT INTO trail_tags (trail_id, tag_id) VALUES (88, 6);
INSERT INTO trail_tags (trail_id, tag_id) VALUES (88, 7);
INSERT INTO trail_tags (trail_id, tag_id) VALUES (88, 8);
INSERT INTO trail_tags (trail_id, tag_id) VALUES (88, 9);
INSERT INTO trail_tags (trail_id, tag_id) VALUES (88, 10);
INSERT INTO trail_tags (trail_id, tag_id) VALUES (89, 1);
INSERT INTO trail_tags (trail_id, tag_id) VALUES (89, 2);
INSERT INTO trail_tags (trail_id, tag_id) VALUES (89, 3);
INSERT INTO trail_tags (trail_id, tag_id) VALUES (89, 4);
INSERT INTO trail_tags (trail_id, tag_id) VALUES (89, 5);
INSERT INTO trail_tags (trail_id, tag_id) VALUES (89, 6);
INSERT INTO trail_tags (trail_id, tag_id) VALUES (89, 7);
INSERT INTO trail_tags (trail_id, tag_id) VALUES (89, 8);
INSERT INTO trail_tags (trail_id, tag_id) VALUES (89, 9);
INSERT INTO trail_tags (trail_id, tag_id) VALUES (89, 10);
INSERT INTO trail_tags (trail_id, tag_id) VALUES (90, 1);
INSERT INTO trail_tags (trail_id, tag_id) VALUES (90, 2);
INSERT INTO trail_tags (trail_id, tag_id) VALUES (90, 3);
INSERT INTO trail_tags (trail_id, tag_id) VALUES (90, 4);
INSERT INTO trail_tags (trail_id, tag_id) VALUES (90, 5);
INSERT INTO trail_tags (trail_id, tag_id) VALUES (90, 6);
INSERT INTO trail_tags (trail_id, tag_id) VALUES (90, 7);
INSERT INTO trail_tags (trail_id, tag_id) VALUES (90, 8);
INSERT INTO trail_tags (trail_id, tag_id) VALUES (90, 9);
INSERT INTO trail_tags (trail_id, tag_id) VALUES (90, 10);
INSERT INTO trail_tags (trail_id, tag_id) VALUES (91, 1);
INSERT INTO trail_tags (trail_id, tag_id) VALUES (91, 2);
INSERT INTO trail_tags (trail_id, tag_id) VALUES (91, 3);
INSERT INTO trail_tags (trail_id, tag_id) VALUES (91, 4);
INSERT INTO trail_tags (trail_id, tag_id) VALUES (91, 5);
INSERT INTO trail_tags (trail_id, tag_id) VALUES (91, 6);
INSERT INTO trail_tags (trail_id, tag_id) VALUES (91, 7);
INSERT INTO trail_tags (trail_id, tag_id) VALUES (91, 8);
INSERT INTO trail_tags (trail_id, tag_id) VALUES (91, 9);
INSERT INTO trail_tags (trail_id, tag_id) VALUES (91, 10);
INSERT INTO trail_tags (trail_id, tag_id) VALUES (92, 1);
INSERT INTO trail_tags (trail_id, tag_id) VALUES (92, 2);
INSERT INTO trail_tags (trail_id, tag_id) VALUES (92, 3);
INSERT INTO trail_tags (trail_id, tag_id) VALUES (92, 4);
INSERT INTO trail_tags (trail_id, tag_id) VALUES (92, 5);
INSERT INTO trail_tags (trail_id, tag_id) VALUES (92, 6);
INSERT INTO trail_tags (trail_id, tag_id) VALUES (92, 7);
INSERT INTO trail_tags (trail_id, tag_id) VALUES (92, 8);
INSERT INTO trail_tags (trail_id, tag_id) VALUES (92, 9);
INSERT INTO trail_tags (trail_id, tag_id) VALUES (92, 10);
INSERT INTO trail_tags (trail_id, tag_id) VALUES (93, 1);
INSERT INTO trail_tags (trail_id, tag_id) VALUES (93, 2);
INSERT INTO trail_tags (trail_id, tag_id) VALUES (93, 3);
INSERT INTO trail_tags (trail_id, tag_id) VALUES (93, 4);
INSERT INTO trail_tags (trail_id, tag_id) VALUES (93, 5);
INSERT INTO trail_tags (trail_id, tag_id) VALUES (93, 6);
INSERT INTO trail_tags (trail_id, tag_id) VALUES (93, 7);
INSERT INTO trail_tags (trail_id, tag_id) VALUES (93, 8);
INSERT INTO trail_tags (trail_id, tag_id) VALUES (93, 9);
INSERT INTO trail_tags (trail_id, tag_id) VALUES (93, 10);
INSERT INTO trail_tags (trail_id, tag_id) VALUES (94, 1);
INSERT INTO trail_tags (trail_id, tag_id) VALUES (94, 2);
INSERT INTO trail_tags (trail_id, tag_id) VALUES (94, 3);
INSERT INTO trail_tags (trail_id, tag_id) VALUES (94, 4);
INSERT INTO trail_tags (trail_id, tag_id) VALUES (94, 5);
INSERT INTO trail_tags (trail_id, tag_id) VALUES (94, 6);
INSERT INTO trail_tags (trail_id, tag_id) VALUES (94, 7);
INSERT INTO trail_tags (trail_id, tag_id) VALUES (94, 8);
INSERT INTO trail_tags (trail_id, tag_id) VALUES (94, 9);
INSERT INTO trail_tags (trail_id, tag_id) VALUES (94, 10);
INSERT INTO trail_tags (trail_id, tag_id) VALUES (95, 1);
INSERT INTO trail_tags (trail_id, tag_id) VALUES (95, 2);
INSERT INTO trail_tags (trail_id, tag_id) VALUES (95, 3);
INSERT INTO trail_tags (trail_id, tag_id) VALUES (95, 4);
INSERT INTO trail_tags (trail_id, tag_id) VALUES (95, 5);
INSERT INTO trail_tags (trail_id, tag_id) VALUES (95, 6);
INSERT INTO trail_tags (trail_id, tag_id) VALUES (95, 7);
INSERT INTO trail_tags (trail_id, tag_id) VALUES (95, 8);
INSERT INTO trail_tags (trail_id, tag_id) VALUES (95, 9);
INSERT INTO trail_tags (trail_id, tag_id) VALUES (95, 10);
INSERT INTO trail_tags (trail_id, tag_id) VALUES (96, 1);
INSERT INTO trail_tags (trail_id, tag_id) VALUES (96, 2);
INSERT INTO trail_tags (trail_id, tag_id) VALUES (96, 3);
INSERT INTO trail_tags (trail_id, tag_id) VALUES (96, 4);
INSERT INTO trail_tags (trail_id, tag_id) VALUES (96, 5);
INSERT INTO trail_tags (trail_id, tag_id) VALUES (96, 6);
INSERT INTO trail_tags (trail_id, tag_id) VALUES (96, 7);
INSERT INTO trail_tags (trail_id, tag_id) VALUES (96, 8);
INSERT INTO trail_tags (trail_id, tag_id) VALUES (96, 9);
INSERT INTO trail_tags (trail_id, tag_id) VALUES (96, 10);
INSERT INTO trail_tags (trail_id, tag_id) VALUES (97, 1);
INSERT INTO trail_tags (trail_id, tag_id) VALUES (97, 2);
INSERT INTO trail_tags (trail_id, tag_id) VALUES (97, 3);
INSERT INTO trail_tags (trail_id, tag_id) VALUES (97, 4);
INSERT INTO trail_tags (trail_id, tag_id) VALUES (97, 5);
INSERT INTO trail_tags (trail_id, tag_id) VALUES (97, 6);
INSERT INTO trail_tags (trail_id, tag_id) VALUES (97, 7);
INSERT INTO trail_tags (trail_id, tag_id) VALUES (97, 8);
INSERT INTO trail_tags (trail_id, tag_id) VALUES (97, 9);
INSERT INTO trail_tags (trail_id, tag_id) VALUES (97, 10);
INSERT INTO trail_tags (trail_id, tag_id) VALUES (98, 1);
INSERT INTO trail_tags (trail_id, tag_id) VALUES (98, 2);
INSERT INTO trail_tags (trail_id, tag_id) VALUES (98, 3);
INSERT INTO trail_tags (trail_id, tag_id) VALUES (98, 4);
INSERT INTO trail_tags (trail_id, tag_id) VALUES (98, 5);
INSERT INTO trail_tags (trail_id, tag_id) VALUES (98, 6);
INSERT INTO trail_tags (trail_id, tag_id) VALUES (98, 7);
INSERT INTO trail_tags (trail_id, tag_id) VALUES (98, 8);
INSERT INTO trail_tags (trail_id, tag_id) VALUES (98, 9);
INSERT INTO trail_tags (trail_id, tag_id) VALUES (98, 10);
INSERT INTO trail_tags (trail_id, tag_id) VALUES (99, 1);
INSERT INTO trail_tags (trail_id, tag_id) VALUES (99, 2);
INSERT INTO trail_tags (trail_id, tag_id) VALUES (99, 3);
INSERT INTO trail_tags (trail_id, tag_id) VALUES (99, 4);
INSERT INTO trail_tags (trail_id, tag_id) VALUES (99, 5);
INSERT INTO trail_tags (trail_id, tag_id) VALUES (99, 6);
INSERT INTO trail_tags (trail_id, tag_id) VALUES (99, 7);
INSERT INTO trail_tags (trail_id, tag_id) VALUES (99, 8);
INSERT INTO trail_tags (trail_id, tag_id) VALUES (99, 9);
INSERT INTO trail_tags (trail_id, tag_id) VALUES (99, 10);
INSERT INTO trail_tags (trail_id, tag_id) VALUES (100, 1);
INSERT INTO trail_tags (trail_id, tag_id) VALUES (100, 2);
INSERT INTO trail_tags (trail_id, tag_id) VALUES (100, 3);
INSERT INTO trail_tags (trail_id, tag_id) VALUES (100, 4);
INSERT INTO trail_tags (trail_id, tag_id) VALUES (100, 5);
INSERT INTO trail_tags (trail_id, tag_id) VALUES (100, 6);
INSERT INTO trail_tags (trail_id, tag_id) VALUES (100, 7);
INSERT INTO trail_tags (trail_id, tag_id) VALUES (100, 8);
INSERT INTO trail_tags (trail_id, tag_id) VALUES (100, 9);
INSERT INTO trail_tags (trail_id, tag_id) VALUES (100, 10);
